Datetime,Open,High,Low,Close,Volume
2024-09-24 04:00:00+00:00,514.8499755859375,516.8499755859375,514.25,516.6500244140625,1683312
2024-09-24 08:00:00+00:00,516.6500244140625,516.75,514.6500244140625,515.25,2559267
2024-09-25 00:00:00+00:00,515.5,516.5,512.7000122070312,513.25,0
2024-09-25 04:00:00+00:00,513.25,519.2999877929688,512.2999877929688,518.3499755859375,3663378
2024-09-25 08:00:00+00:00,518.5499877929688,518.5999755859375,517.0499877929688,517.4000244140625,2766897
2024-09-26 00:00:00+00:00,517.6500244140625,522.4500122070312,517.4000244140625,520.4000244140625,0
2024-09-26 04:00:00+00:00,520.3499755859375,521.75,518.7999877929688,520.25,5868782
2024-09-26 08:00:00+00:00,520.25,523.75,519.7999877929688,522.25,6042934
2024-09-27 00:00:00+00:00,525.75,528.4000244140625,520.9000244140625,526.9500122070312,3357500
2024-09-27 04:00:00+00:00,526.75,528.0,523.6500244140625,524.2999877929688,5423450
2024-09-27 08:00:00+00:00,524.0,524.2000122070312,521.2000122070312,521.5,8468002
2024-09-30 00:00:00+00:00,521.5999755859375,524.1500244140625,520.5999755859375,521.7000122070312,0
2024-09-30 04:00:00+00:00,521.75,522.1500244140625,514.0499877929688,516.0499877929688,4992996
2024-09-30 08:00:00+00:00,516.0499877929688,518.7000122070312,514.9000244140625,517.7000122070312,3360850
2024-10-01 00:00:00+00:00,518.1500244140625,519.75,515.7000122070312,515.9000244140625,988366
2024-10-01 04:00:00+00:00,515.7999877929688,517.2000122070312,514.0,516.2000122070312,2858359
2024-10-01 08:00:00+00:00,516.2000122070312,516.75,515.0,516.5,1241679
2024-10-03 00:00:00+00:00,510.6000061035156,515.6500244140625,509.75,512.7000122070312,2673153
2024-10-03 04:00:00+00:00,512.6500244140625,514.75,508.1000061035156,514.2000122070312,6862982
2024-10-03 08:00:00+00:00,514.1500244140625,514.4000244140625,511.6000061035156,511.70001220703125,6332596
2024-10-04 00:00:00+00:00,511.0,516.5499877929688,511.0,515.9000244140625,0
2024-10-04 04:00:00+00:00,515.75,517.3499755859375,501.6000061035156,506.79998779296875,11768260
2024-10-04 08:00:00+00:00,507.0,507.1000061035156,502.3999938964844,505.0,3741155
2024-10-07 00:00:00+00:00,507.6000061035156,514.9000244140625,507.6000061035156,513.4500122070312,0
2024-10-07 04:00:00+00:00,513.1500244140625,513.5999755859375,507.6000061035156,509.70001220703125,8332164
2024-10-07 08:00:00+00:00,509.75,511.5,508.70001220703125,510.0,3932810
2024-10-08 00:00:00+00:00,509.75,512.3499755859375,506.75,507.3500061035156,2194523
2024-10-08 04:00:00+00:00,507.3500061035156,510.95001220703125,506.20001220703125,509.29998779296875,4029904
2024-10-08 08:00:00+00:00,509.29998779296875,510.0,506.1000061035156,508.6000061035156,3276747
2024-10-09 00:00:00+00:00,509.20001220703125,509.20001220703125,499.8500061035156,501.70001220703125,5109815
2024-10-09 04:00:00+00:00,501.70001220703125,503.1000061035156,498.79998779296875,498.95001220703125,11409350
2024-10-09 08:00:00+00:00,498.8999938964844,499.0,490.75,492.5,7429231
2024-10-10 00:00:00+00:00,494.70001220703125,495.3500061035156,490.8999938964844,493.8500061035156,0
2024-10-10 04:00:00+00:00,493.8999938964844,495.25,491.75,492.5,5924691
2024-10-10 08:00:00+00:00,492.54998779296875,493.1499938964844,489.54998779296875,493.0,4477600
2024-10-11 00:00:00+00:00,493.29998779296875,493.8999938964844,488.45001220703125,489.3999938964844,0
2024-10-11 04:00:00+00:00,489.54998779296875,490.79998779296875,487.6000061035156,488.8999938964844,7235503
2024-10-11 08:00:00+00:00,488.8999938964844,490.0,487.3999938964844,488.95001220703125,2666205
2024-10-14 00:00:00+00:00,490.8500061035156,493.29998779296875,488.6499938964844,492.5,0
2024-10-14 04:00:00+00:00,492.5,498.75,492.25,498.5,3555373
2024-10-14 08:00:00+00:00,498.25,499.0,496.0,496.8500061035156,1947461
2024-10-15 00:00:00+00:00,498.95001220703125,498.95001220703125,494.54998779296875,496.20001220703125,0
2024-10-15 04:00:00+00:00,496.04998779296875,499.3999938964844,495.25,498.0,5252594
2024-10-15 08:00:00+00:00,498.0,499.1000061035156,496.29998779296875,498.0,1869146
2024-10-16 00:00:00+00:00,496.45001220703125,497.8500061035156,494.54998779296875,496.8999938964844,0
2024-10-16 04:00:00+00:00,496.79998779296875,498.8500061035156,493.29998779296875,494.45001220703125,3781534
2024-10-16 08:00:00+00:00,494.45001220703125,495.25,492.5,492.5,1861598
2024-10-17 00:00:00+00:00,494.8999938964844,494.8999938964844,491.54998779296875,492.25,0
2024-10-17 04:00:00+00:00,492.3500061035156,493.95001220703125,488.0,489.79998779296875,4113581
2024-10-17 08:00:00+00:00,489.8500061035156,490.8999938964844,488.1499938964844,489.25,1659940
2024-10-18 00:00:00+00:00,488.70001220703125,491.20001220703125,478.6499938964844,479.8999938964844,0
2024-10-18 04:00:00+00:00,479.8500061035156,488.1499938964844,479.20001220703125,485.95001220703125,10484053
2024-10-18 08:00:00+00:00,485.8500061035156,488.3500061035156,484.79998779296875,486.70001220703125,4300257
2024-10-21 00:00:00+00:00,485.04998779296875,486.3999938964844,477.45001220703125,482.1499938964844,0
2024-10-21 04:00:00+00:00,482.04998779296875,487.45001220703125,481.1000061035156,486.1499938964844,4076112
2024-10-21 08:00:00+00:00,486.1000061035156,486.5,482.8999938964844,483.1499938964844,1625218
2024-10-22 00:00:00+00:00,484.04998779296875,488.25,481.95001220703125,483.6499938964844,0
2024-10-22 04:00:00+00:00,483.79998779296875,486.0,481.79998779296875,482.70001220703125,7005054
2024-10-22 08:00:00+00:00,482.70001220703125,482.79998779296875,480.79998779296875,482.5,3291924
2024-10-23 00:00:00+00:00,481.75,483.20001220703125,481.0,481.25,0
2024-10-23 04:00:00+00:00,481.20001220703125,482.3999938964844,479.79998779296875,480.1000061035156,5286568
2024-10-23 08:00:00+00:00,480.1000061035156,480.79998779296875,479.5,480.70001220703125,3053236
2024-10-24 00:00:00+00:00,482.0,482.0,475.25,476.8500061035156,1888190
2024-10-24 04:00:00+00:00,477.1000061035156,477.45001220703125,471.29998779296875,472.5,7144866
2024-10-24 08:00:00+00:00,472.5,474.54998779296875,470.0,470.70001220703125,4054930
2024-10-25 00:00:00+00:00,475.95001220703125,492.0,474.6000061035156,490.5,0
2024-10-25 04:00:00+00:00,490.6000061035156,493.45001220703125,480.20001220703125,483.04998779296875,15018740
2024-10-25 08:00:00+00:00,483.1499938964844,483.75,481.1499938964844,481.95001220703125,5875680
2024-10-28 00:00:00+00:00,481.75,481.8999938964844,476.0,481.5,0
2024-10-28 04:00:00+00:00,481.75,485.8999938964844,481.6000061035156,483.54998779296875,4175458
2024-10-28 08:00:00+00:00,483.54998779296875,485.3999938964844,483.0,484.45001220703125,2063651
2024-10-29 00:00:00+00:00,484.95001220703125,484.95001220703125,481.29998779296875,483.75,1297465
2024-10-29 04:00:00+00:00,483.75,489.20001220703125,482.04998779296875,488.8500061035156,3937691
2024-10-29 08:00:00+00:00,489.0,489.20001220703125,487.1000061035156,488.0,1630751
2024-10-30 00:00:00+00:00,487.70001220703125,492.8500061035156,486.6000061035156,490.75,0
2024-10-30 04:00:00+00:00,490.54998779296875,493.20001220703125,489.5,490.1000061035156,2577516
2024-10-30 08:00:00+00:00,490.1000061035156,492.29998779296875,489.8999938964844,491.54998779296875,2453766
2024-10-31 00:00:00+00:00,492.3999938964844,492.3999938964844,487.29998779296875,488.04998779296875,0
2024-10-31 04:00:00+00:00,487.8500061035156,489.95001220703125,484.8500061035156,485.75,3200175
2024-10-31 08:00:00+00:00,485.8999938964844,489.70001220703125,485.1000061035156,489.25,3687659
2024-11-04 00:00:00+00:00,492.3500061035156,492.3500061035156,483.54998779296875,484.1000061035156,13872
2024-11-04 04:00:00+00:00,484.0,484.25,479.6000061035156,482.1499938964844,4420105
2024-11-04 08:00:00+00:00,482.45001220703125,485.29998779296875,481.8500061035156,485.25,2531414
2024-11-05 00:00:00+00:00,483.6000061035156,485.04998779296875,478.79998779296875,479.0,0
2024-11-05 04:00:00+00:00,479.04998779296875,481.8999938964844,477.25,479.6499938964844,3523253
2024-11-05 08:00:00+00:00,479.6000061035156,481.54998779296875,479.0,480.1000061035156,2121019
2024-11-06 00:00:00+00:00,480.54998779296875,482.5,478.1000061035156,480.8999938964844,0
2024-11-06 04:00:00+00:00,480.95001220703125,482.45001220703125,479.75,481.45001220703125,5851392
2024-11-06 08:00:00+00:00,481.3500061035156,484.29998779296875,480.25,481.95001220703125,2858880
2024-11-07 00:00:00+00:00,480.8500061035156,481.0,476.75,476.75,0
2024-11-07 04:00:00+00:00,476.75,479.29998779296875,476.1000061035156,477.0,4723961
2024-11-07 08:00:00+00:00,477.0,479.1499938964844,476.6499938964844,478.0,2580500
2024-11-08 00:00:00+00:00,478.5,480.6000061035156,474.70001220703125,478.75,0
2024-11-08 04:00:00+00:00,478.75,479.45001220703125,476.29998779296875,478.1000061035156,2577470
2024-11-08 08:00:00+00:00,478.04998779296875,479.54998779296875,476.3999938964844,478.04998779296875,2630118
2024-11-11 00:00:00+00:00,478.70001220703125,479.95001220703125,475.25,477.45001220703125,0
2024-11-11 04:00:00+00:00,477.3999938964844,481.3500061035156,476.3999938964844,476.5,3186957
2024-11-11 08:00:00+00:00,476.3999938964844,478.1499938964844,474.20001220703125,477.29998779296875,1383687
2024-11-12 00:00:00+00:00,477.95001220703125,477.95001220703125,474.3999938964844,475.1000061035156,0
2024-11-12 04:00:00+00:00,475.1499938964844,476.8999938964844,474.3500061035156,475.6499938964844,2495000
2024-11-12 08:00:00+00:00,475.54998779296875,476.25,471.1499938964844,472.8500061035156,1721016
2024-11-13 00:00:00+00:00,471.0,471.3999938964844,468.29998779296875,470.04998779296875,0
2024-11-13 04:00:00+00:00,470.04998779296875,474.70001220703125,469.8999938964844,472.0,4213419
2024-11-13 08:00:00+00:00,472.0,473.75,470.6000061035156,471.8999938964844,5527843
2024-11-14 00:00:00+00:00,471.79998779296875,472.8500061035156,468.20001220703125,468.54998779296875,0
2024-11-14 04:00:00+00:00,468.75,468.75,462.25,466.79998779296875,6485168
2024-11-14 08:00:00+00:00,466.79998779296875,467.04998779296875,464.75,467.0,3705421
2024-11-18 00:00:00+00:00,466.95001220703125,466.95001220703125,462.04998779296875,464.8999938964844,0
2024-11-18 04:00:00+00:00,464.75,467.5,463.20001220703125,466.54998779296875,4447164
2024-11-18 08:00:00+00:00,466.6000061035156,467.79998779296875,465.20001220703125,466.54998779296875,1459150
2024-11-19 00:00:00+00:00,468.29998779296875,473.0,467.3500061035156,471.25,0
2024-11-19 04:00:00+00:00,471.25,473.70001220703125,471.1499938964844,471.45001220703125,3211074
2024-11-19 08:00:00+00:00,471.3999938964844,472.5,466.25,467.3500061035156,2659110
2024-11-21 00:00:00+00:00,463.1000061035156,463.75,457.79998779296875,458.04998779296875,0
2024-11-21 04:00:00+00:00,458.1499938964844,463.6499938964844,455.70001220703125,456.20001220703125,11280298
2024-11-21 08:00:00+00:00,456.04998779296875,457.29998779296875,455.5,457.0,5126370
2024-11-22 00:00:00+00:00,456.79998779296875,462.5,455.54998779296875,461.45001220703125,0
2024-11-22 04:00:00+00:00,461.8500061035156,472.0,456.70001220703125,471.3500061035156,9518464
2024-11-22 08:00:00+00:00,471.3500061035156,476.45001220703125,470.3999938964844,473.79998779296875,6069941
2024-11-25 00:00:00+00:00,477.0,482.1000061035156,476.75,478.0,0
2024-11-25 04:00:00+00:00,477.8999938964844,479.25,472.3999938964844,474.8999938964844,3929052
2024-11-25 08:00:00+00:00,474.79998779296875,478.3999938964844,474.04998779296875,478.0,8045154
2024-11-26 00:00:00+00:00,480.8999938964844,481.95001220703125,475.29998779296875,476.1499938964844,0
2024-11-26 04:00:00+00:00,476.20001220703125,478.79998779296875,474.20001220703125,476.29998779296875,3423157
2024-11-26 08:00:00+00:00,476.25,477.75,475.79998779296875,477.0,1879399
2024-11-27 00:00:00+00:00,480.1000061035156,480.1000061035156,473.04998779296875,473.45001220703125,0
2024-11-27 04:00:00+00:00,473.29998779296875,477.79998779296875,473.0,475.45001220703125,3687578
2024-11-27 08:00:00+00:00,475.3500061035156,478.6000061035156,474.8999938964844,476.95001220703125,2545462
2024-11-28 00:00:00+00:00,477.0,483.79998779296875,477.0,480.95001220703125,0
2024-11-28 04:00:00+00:00,480.8999938964844,480.8999938964844,470.70001220703125,473.6499938964844,7120952
2024-11-28 08:00:00+00:00,473.54998779296875,476.0,472.0,475.3500061035156,3981095
2024-11-29 00:00:00+00:00,473.95001220703125,474.8500061035156,472.6000061035156,473.25,0
2024-11-29 04:00:00+00:00,473.3500061035156,478.8999938964844,473.20001220703125,476.79998779296875,3517573
2024-11-29 08:00:00+00:00,476.75,478.29998779296875,476.20001220703125,476.75,3412050
2024-12-02 00:00:00+00:00,476.0,476.54998779296875,473.5,475.8500061035156,0
2024-12-02 04:00:00+00:00,475.8500061035156,479.29998779296875,474.29998779296875,478.20001220703125,3105662
2024-12-02 08:00:00+00:00,478.20001220703125,479.25,476.70001220703125,477.3999938964844,1465947
2024-12-03 00:00:00+00:00,467.45001220703125,469.95001220703125,462.79998779296875,468.3999938964844,3003964
2024-12-03 04:00:00+00:00,468.45001220703125,471.95001220703125,467.79998779296875,471.45001220703125,7962103
2024-12-03 08:00:00+00:00,471.45001220703125,473.29998779296875,470.54998779296875,472.45001220703125,5770109
2024-12-04 00:00:00+00:00,474.70001220703125,478.04998779296875,474.1499938964844,475.20001220703125,0
2024-12-04 04:00:00+00:00,475.04998779296875,475.70001220703125,469.6000061035156,472.0,4668222
2024-12-04 08:00:00+00:00,472.0,472.29998779296875,466.5,467.25,6747052
2024-12-05 00:00:00+00:00,468.04998779296875,469.75,466.20001220703125,466.20001220703125,0
2024-12-05 04:00:00+00:00,466.25,471.6499938964844,462.6000061035156,470.54998779296875,10954958
2024-12-05 08:00:00+00:00,470.54998779296875,472.70001220703125,464.45001220703125,467.70001220703125,13363499
2024-12-06 00:00:00+00:00,469.70001220703125,474.95001220703125,468.3999938964844,472.8500061035156,0
2024-12-06 04:00:00+00:00,472.79998779296875,474.1000061035156,471.25,471.79998779296875,3409422
2024-12-06 08:00:00+00:00,471.8500061035156,472.3999938964844,470.3999938964844,471.1499938964844,1884616
2024-12-09 00:00:00+00:00,471.6499938964844,471.6499938964844,467.54998779296875,467.95001220703125,0
2024-12-09 04:00:00+00:00,467.95001220703125,470.29998779296875,464.29998779296875,464.45001220703125,7243464
2024-12-09 08:00:00+00:00,464.54998779296875,465.75,463.79998779296875,465.5,2834791
2024-12-10 00:00:00+00:00,465.8999938964844,466.45001220703125,464.1000061035156,464.20001220703125,0
2024-12-10 04:00:00+00:00,464.20001220703125,465.70001220703125,462.6000061035156,463.29998779296875,3704989
2024-12-10 08:00:00+00:00,463.29998779296875,466.1499938964844,462.75,465.8500061035156,3970240
2024-12-11 00:00:00+00:00,467.1000061035156,467.29998779296875,464.70001220703125,466.54998779296875,0
2024-12-11 04:00:00+00:00,466.75,468.20001220703125,465.1499938964844,465.3999938964844,3963393
2024-12-11 08:00:00+00:00,465.3999938964844,465.6000061035156,465.0,465.25,1223424
2024-12-12 00:00:00+00:00,466.5,466.5,463.04998779296875,463.25,0
2024-12-12 04:00:00+00:00,463.25,465.6499938964844,461.20001220703125,461.8500061035156,6848756
2024-12-12 08:00:00+00:00,461.95001220703125,462.20001220703125,459.3999938964844,461.0,5059621
2024-12-13 00:00:00+00:00,460.6000061035156,460.8500061035156,455.70001220703125,455.8500061035156,0
2024-12-13 04:00:00+00:00,455.95001220703125,474.25,451.6499938964844,471.95001220703125,25649058
2024-12-13 08:00:00+00:00,471.95001220703125,472.25,469.20001220703125,470.0,4736257
2024-12-16 00:00:00+00:00,471.70001220703125,474.29998779296875,469.5,469.79998779296875,0
2024-12-16 04:00:00+00:00,469.95001220703125,470.3500061035156,468.04998779296875,468.79998779296875,4131755
2024-12-16 08:00:00+00:00,468.8999938964844,470.8999938964844,468.79998779296875,469.70001220703125,2101772
2024-12-17 00:00:00+00:00,469.70001220703125,470.0,465.75,466.0,0
2024-12-17 04:00:00+00:00,465.95001220703125,475.79998779296875,463.04998779296875,471.8500061035156,13456036
2024-12-17 08:00:00+00:00,471.8500061035156,472.20001220703125,467.79998779296875,470.70001220703125,5207346
2024-12-18 00:00:00+00:00,473.0,473.6000061035156,468.20001220703125,468.70001220703125,0
2024-12-18 04:00:00+00:00,468.79998779296875,472.8999938964844,466.95001220703125,471.6499938964844,5798580
2024-12-18 08:00:00+00:00,471.6499938964844,472.0,469.20001220703125,470.5,3345924
2024-12-19 00:00:00+00:00,470.1000061035156,474.1000061035156,468.45001220703125,469.8999938964844,0
2024-12-19 04:00:00+00:00,469.8500061035156,469.95001220703125,466.04998779296875,467.45001220703125,6161665
2024-12-19 08:00:00+00:00,467.25,468.45001220703125,465.29998779296875,465.8500061035156,3741351
2024-12-20 00:00:00+00:00,466.3999938964844,466.3999938964844,459.3999938964844,460.95001220703125,0
2024-12-20 04:00:00+00:00,460.8999938964844,465.8999938964844,460.70001220703125,464.29998779296875,6827355
2024-12-20 08:00:00+00:00,464.20001220703125,467.25,463.0,465.8999938964844,8490165
2024-12-23 00:00:00+00:00,470.04998779296875,471.75,467.8500061035156,470.20001220703125,0
2024-12-23 04:00:00+00:00,470.6000061035156,477.70001220703125,470.04998779296875,471.8500061035156,10737593
2024-12-23 08:00:00+00:00,471.95001220703125,474.8999938964844,471.6499938964844,473.8999938964844,4634411
2024-12-24 00:00:00+00:00,475.45001220703125,476.1499938964844,472.70001220703125,474.54998779296875,0
2024-12-24 04:00:00+00:00,474.54998779296875,480.1499938964844,474.3999938964844,479.75,6655608
2024-12-24 08:00:00+00:00,479.75,479.75,478.0,478.25,3481746
2024-12-26 00:00:00+00:00,481.20001220703125,481.5,478.25,478.75,0
2024-12-26 04:00:00+00:00,478.75,480.5,476.25,478.20001220703125,4437452
2024-12-26 08:00:00+00:00,478.04998779296875,478.45001220703125,476.1000061035156,476.95001220703125,2450395
2024-12-27 00:00:00+00:00,479.5,479.6499938964844,476.29998779296875,476.75,0
2024-12-27 04:00:00+00:00,476.6000061035156,481.75,476.0,480.3999938964844,7080202
2024-12-27 08:00:00+00:00,480.3999938964844,481.8999938964844,477.79998779296875,479.70001220703125,7660826
2024-12-30 00:00:00+00:00,479.04998779296875,481.3999938964844,478.70001220703125,479.54998779296875,0
2024-12-30 04:00:00+00:00,479.5,480.95001220703125,476.1000061035156,476.8500061035156,7064056
2024-12-30 08:00:00+00:00,476.6000061035156,478.3500061035156,476.0,477.0,3766628
2024-12-31 00:00:00+00:00,478.29998779296875,479.04998779296875,474.6499938964844,476.3500061035156,0
2024-12-31 04:00:00+00:00,476.3500061035156,482.3999938964844,475.5,482.0,6957407
2024-12-31 08:00:00+00:00,481.95001220703125,484.45001220703125,481.20001220703125,484.45001220703125,4015286
2025-01-01 00:00:00+00:00,486.6000061035156,486.6000061035156,482.3999938964844,483.3999938964844,0
2025-01-01 04:00:00+00:00,483.45001220703125,486.6499938964844,483.0,486.1000061035156,10836743
2025-01-01 08:00:00+00:00,486.25,486.6000061035156,483.0,484.54998779296875,5407980
2025-01-02 00:00:00+00:00,485.0,485.45001220703125,482.3500061035156,483.1000061035156,0
2025-01-02 04:00:00+00:00,483.1000061035156,487.75,482.79998779296875,485.8500061035156,14121444
2025-01-02 08:00:00+00:00,486.0,489.8500061035156,485.8999938964844,489.04998779296875,8610377
2025-01-03 00:00:00+00:00,490.20001220703125,490.3999938964844,484.25,484.5,0
2025-01-03 04:00:00+00:00,484.5,485.5,481.1000061035156,481.25,13756244
2025-01-03 08:00:00+00:00,481.20001220703125,484.70001220703125,479.8999938964844,483.8999938964844,18718418
2025-01-06 00:00:00+00:00,455.6000061035156,461.75,455.45001220703125,461.6499938964844,0
2025-01-06 04:00:00+00:00,461.6000061035156,461.6000061035156,441.3500061035156,444.70001220703125,13096310
2025-01-06 08:00:00+00:00,444.70001220703125,445.70001220703125,441.3500061035156,445.5,4384375
2025-01-07 00:00:00+00:00,446.0,447.5,442.6499938964844,444.3500061035156,0
2025-01-07 04:00:00+00:00,444.54998779296875,446.95001220703125,440.20001220703125,441.5,7693721
2025-01-07 08:00:00+00:00,441.5,442.1499938964844,440.29998779296875,441.1000061035156,3427430
2025-01-08 00:00:00+00:00,442.0,443.29998779296875,437.1000061035156,440.5,0
2025-01-08 04:00:00+00:00,440.3999938964844,448.79998779296875,437.5,448.0,7376602
2025-01-08 08:00:00+00:00,447.8999938964844,452.04998779296875,446.8500061035156,449.54998779296875,4352506
2025-01-09 00:00:00+00:00,448.25,455.70001220703125,446.6000061035156,453.75,0
2025-01-09 04:00:00+00:00,453.6499938964844,460.6499938964844,448.3500061035156,449.95001220703125,11699496
2025-01-09 08:00:00+00:00,449.95001220703125,451.6000061035156,449.54998779296875,450.1000061035156,5735640
2025-01-10 00:00:00+00:00,449.8999938964844,449.8999938964844,442.8500061035156,444.5,0
2025-01-10 04:00:00+00:00,444.6000061035156,448.5,443.5,444.79998779296875,4430597
2025-01-10 08:00:00+00:00,444.79998779296875,445.5,443.70001220703125,443.8500061035156,2738125
2025-01-13 00:00:00+00:00,435.1499938964844,442.0,435.1499938964844,441.6000061035156,0
2025-01-13 04:00:00+00:00,441.29998779296875,442.6000061035156,439.1499938964844,442.45001220703125,6013069
2025-01-13 08:00:00+00:00,442.3500061035156,443.8999938964844,438.79998779296875,439.0,9416328
2025-01-14 00:00:00+00:00,440.29998779296875,441.3999938964844,437.79998779296875,439.0,0
2025-01-14 04:00:00+00:00,439.0,441.3999938964844,436.29998779296875,437.0,9676243
2025-01-14 08:00:00+00:00,437.0,437.1000061035156,435.8500061035156,436.95001220703125,6234759
2025-01-15 00:00:00+00:00,437.8999938964844,437.8999938964844,435.54998779296875,436.3500061035156,1388386
2025-01-15 04:00:00+00:00,436.3999938964844,441.6499938964844,435.8500061035156,437.8999938964844,6225692
2025-01-15 08:00:00+00:00,437.75,438.04998779296875,436.8500061035156,437.0,2171096
2025-01-16 00:00:00+00:00,439.0,439.0,432.20001220703125,432.8999938964844,0
2025-01-16 04:00:00+00:00,432.8999938964844,433.1000061035156,431.3500061035156,432.0,7297293
2025-01-16 08:00:00+00:00,432.0,433.04998779296875,431.79998779296875,432.8999938964844,5728030
2025-01-17 00:00:00+00:00,433.0,438.0,433.0,437.54998779296875,0
2025-01-17 04:00:00+00:00,437.54998779296875,441.45001220703125,436.6499938964844,440.75,5726148
2025-01-17 08:00:00+00:00,440.75,441.79998779296875,439.6499938964844,439.8500061035156,2835387
2025-01-20 00:00:00+00:00,439.3999938964844,441.0,436.54998779296875,437.29998779296875,0
2025-01-20 04:00:00+00:00,437.29998779296875,439.95001220703125,436.0,437.29998779296875,5511435
2025-01-20 08:00:00+00:00,437.3500061035156,438.1499938964844,437.0,437.3500061035156,1847738
2025-01-21 00:00:00+00:00,438.75,441.6000061035156,438.75,440.3999938964844,0
2025-01-21 04:00:00+00:00,440.45001220703125,446.8999938964844,437.70001220703125,440.25,8556671
2025-01-21 08:00:00+00:00,440.0,440.6000061035156,435.3999938964844,437.95001220703125,5854328
2025-01-22 00:00:00+00:00,440.04998779296875,441.8999938964844,438.1499938964844,439.8999938964844,0
2025-01-22 04:00:00+00:00,439.8999938964844,441.29998779296875,436.95001220703125,437.3999938964844,5263485
2025-01-22 08:00:00+00:00,437.3999938964844,438.70001220703125,436.70001220703125,437.0,2707979
2025-01-23 00:00:00+00:00,435.45001220703125,440.5,434.1499938964844,439.54998779296875,0
2025-01-23 04:00:00+00:00,439.54998779296875,441.79998779296875,438.79998779296875,439.75,4701473
2025-01-23 08:00:00+00:00,439.5,440.8999938964844,439.0,440.20001220703125,2559802
2025-01-24 00:00:00+00:00,439.95001220703125,442.29998779296875,439.75,441.1499938964844,0
2025-01-24 04:00:00+00:00,440.8999938964844,445.0,439.1000061035156,442.3500061035156,6477537
2025-01-24 08:00:00+00:00,442.3999938964844,443.3500061035156,440.25,441.3999938964844,2163189
2025-01-27 00:00:00+00:00,439.70001220703125,444.8500061035156,439.70001220703125,441.6000061035156,0
2025-01-27 04:00:00+00:00,441.5,443.45001220703125,437.5,437.75,5152343
2025-01-27 08:00:00+00:00,437.6000061035156,440.8999938964844,436.6000061035156,439.8999938964844,2971004
2025-01-28 00:00:00+00:00,440.75,441.20001220703125,437.29998779296875,438.20001220703125,0
2025-01-28 04:00:00+00:00,438.20001220703125,441.79998779296875,434.6000061035156,436.04998779296875,12266461
2025-01-28 08:00:00+00:00,436.1499938964844,438.79998779296875,434.54998779296875,434.70001220703125,6741179
2025-01-29 00:00:00+00:00,435.25,437.5,432.1499938964844,432.3999938964844,0
2025-01-29 04:00:00+00:00,432.25,436.3500061035156,430.20001220703125,433.75,10454221
2025-01-29 08:00:00+00:00,434.0,434.04998779296875,431.95001220703125,433.25,3094782
2025-01-30 00:00:00+00:00,434.6499938964844,436.3500061035156,432.3500061035156,436.0,0
2025-01-30 04:00:00+00:00,436.0,437.75,431.6499938964844,432.8500061035156,11035195
2025-01-30 08:00:00+00:00,432.79998779296875,437.8999938964844,432.6499938964844,437.5,10011224
2025-01-31 00:00:00+00:00,437.3500061035156,443.20001220703125,435.20001220703125,441.6000061035156,0
2025-01-31 04:00:00+00:00,441.6000061035156,446.8999938964844,439.5,446.8999938964844,7306353
2025-01-31 08:00:00+00:00,446.75,448.20001220703125,446.45001220703125,447.79998779296875,4463968
2025-02-03 00:00:00+00:00,463.3999938964844,465.20001220703125,458.1499938964844,461.0,0
2025-02-03 04:00:00+00:00,461.0,461.0,452.3500061035156,454.29998779296875,7331326
2025-02-03 08:00:00+00:00,454.25,455.3999938964844,453.20001220703125,454.3500061035156,3648741
2025-02-04 00:00:00+00:00,458.0,458.0,449.6000061035156,450.70001220703125,0
2025-02-04 04:00:00+00:00,450.70001220703125,460.0,448.79998779296875,453.5,9683049
2025-02-04 08:00:00+00:00,453.54998779296875,456.3500061035156,452.8500061035156,454.25,6735605
2025-02-05 00:00:00+00:00,454.1000061035156,455.6000061035156,452.1000061035156,452.29998779296875,0
2025-02-05 04:00:00+00:00,452.54998779296875,453.5,446.5,447.45001220703125,7397540
2025-02-05 08:00:00+00:00,447.6000061035156,449.20001220703125,447.1000061035156,448.45001220703125,3714176
2025-02-06 00:00:00+00:00,448.79998779296875,448.79998779296875,442.1000061035156,443.04998779296875,3904508
2025-02-06 04:00:00+00:00,443.0,443.95001220703125,439.5,439.79998779296875,7094622
2025-02-06 08:00:00+00:00,439.75,442.95001220703125,438.20001220703125,442.8999938964844,6469376
2025-02-07 00:00:00+00:00,440.8999938964844,445.04998779296875,431.1000061035156,432.25,0
2025-02-07 04:00:00+00:00,432.1499938964844,434.95001220703125,429.54998779296875,430.04998779296875,7519738
2025-02-07 08:00:00+00:00,430.1000061035156,431.6499938964844,428.3999938964844,430.3500061035156,6363208
2025-02-10 00:00:00+00:00,428.95001220703125,433.25,428.25,430.1000061035156,0
2025-02-10 04:00:00+00:00,430.3999938964844,432.70001220703125,426.54998779296875,427.5,5126219
2025-02-10 08:00:00+00:00,427.54998779296875,428.1499938964844,426.75,427.70001220703125,4704721
2025-02-11 00:00:00+00:00,428.70001220703125,430.29998779296875,424.6499938964844,425.1499938964844,0
2025-02-11 04:00:00+00:00,424.95001220703125,425.5,417.75,419.70001220703125,6464320
2025-02-11 08:00:00+00:00,419.70001220703125,420.95001220703125,417.5,418.04998779296875,5497374
2025-02-12 00:00:00+00:00,413.6000061035156,413.6000061035156,409.0,409.25,0
2025-02-12 04:00:00+00:00,409.20001220703125,412.54998779296875,408.75,409.29998779296875,6844819
2025-02-12 08:00:00+00:00,409.29998779296875,411.45001220703125,407.6000061035156,411.1499938964844,3194259
2025-02-13 00:00:00+00:00,411.1499938964844,412.04998779296875,409.25,410.5,0
2025-02-13 04:00:00+00:00,410.54998779296875,413.8999938964844,410.54998779296875,411.20001220703125,6276571
2025-02-13 08:00:00+00:00,411.20001220703125,411.5,409.1000061035156,409.95001220703125,4221972
2025-02-14 00:00:00+00:00,411.6000061035156,415.29998779296875,410.3500061035156,414.8500061035156,0
2025-02-14 04:00:00+00:00,414.8500061035156,416.04998779296875,408.5,410.8999938964844,7943459
2025-02-14 08:00:00+00:00,410.95001220703125,411.8500061035156,409.5,409.8999938964844,3029017
2025-02-17 00:00:00+00:00,408.8500061035156,410.6499938964844,407.54998779296875,409.45001220703125,0
2025-02-17 04:00:00+00:00,409.3500061035156,411.20001220703125,406.75,408.1499938964844,7028284
2025-02-17 08:00:00+00:00,408.1499938964844,409.3500061035156,407.8999938964844,408.6000061035156,2064197
2025-02-18 00:00:00+00:00,408.8500061035156,409.75,407.0,408.1499938964844,0
2025-02-18 04:00:00+00:00,408.1000061035156,408.6000061035156,405.54998779296875,405.8500061035156,5815574
2025-02-18 08:00:00+00:00,405.8500061035156,406.25,404.0,405.0,4438752
2025-02-19 00:00:00+00:00,404.8999938964844,407.6499938964844,404.8999938964844,407.3999938964844,0
2025-02-19 04:00:00+00:00,407.3500061035156,408.79998779296875,406.6000061035156,406.8500061035156,3290432
2025-02-19 08:00:00+00:00,406.8999938964844,407.1000061035156,406.0,406.20001220703125,1925623
2025-02-20 00:00:00+00:00,400.6000061035156,403.8999938964844,397.79998779296875,402.29998779296875,0
2025-02-20 04:00:00+00:00,402.29998779296875,402.8999938964844,400.5,402.0,5848943
2025-02-20 08:00:00+00:00,402.0,403.0,401.5,402.0,2956229
2025-02-21 00:00:00+00:00,402.79998779296875,403.20001220703125,400.0,401.6499938964844,0
2025-02-21 04:00:00+00:00,401.75,402.0,399.5,400.20001220703125,4361020
2025-02-21 08:00:00+00:00,400.3500061035156,401.5,400.1499938964844,400.70001220703125,1708070
2025-02-24 00:00:00+00:00,399.8500061035156,402.70001220703125,398.75,400.95001220703125,0
2025-02-24 04:00:00+00:00,400.95001220703125,403.3500061035156,400.25,402.20001220703125,3660942
2025-02-24 08:00:00+00:00,402.20001220703125,402.5,401.3999938964844,401.75,1469374
2025-02-25 00:00:00+00:00,402.0,403.0,400.79998779296875,400.95001220703125,2059567
2025-02-25 04:00:00+00:00,400.95001220703125,407.0,400.54998779296875,406.20001220703125,7755282
2025-02-25 08:00:00+00:00,406.20001220703125,406.95001220703125,403.3500061035156,404.0,5945728
2025-02-27 00:00:00+00:00,404.8999938964844,406.3999938964844,401.25,401.54998779296875,0
2025-02-27 04:00:00+00:00,401.54998779296875,402.6499938964844,399.5,402.45001220703125,9743015
2025-02-27 08:00:00+00:00,402.3500061035156,402.45001220703125,400.6000061035156,401.5,7017610
2025-02-28 00:00:00+00:00,399.0,402.3500061035156,395.54998779296875,395.95001220703125,0
2025-02-28 04:00:00+00:00,396.0,397.45001220703125,392.45001220703125,392.79998779296875,18655845
2025-02-28 08:00:00+00:00,392.6000061035156,396.6499938964844,392.5,395.8999938964844,9148598
2025-03-03 00:00:00+00:00,395.8999938964844,399.0,391.75,396.8500061035156,0
2025-03-03 04:00:00+00:00,396.8999938964844,398.25,395.79998779296875,397.6000061035156,5743108
2025-03-03 08:00:00+00:00,397.3999938964844,398.0,397.0,397.45001220703125,2490828
2025-03-04 00:00:00+00:00,396.54998779296875,396.6499938964844,394.45001220703125,395.04998779296875,0
2025-03-04 04:00:00+00:00,395.04998779296875,395.04998779296875,393.1000061035156,393.8999938964844,6392619
2025-03-04 08:00:00+00:00,393.8999938964844,395.6499938964844,393.6499938964844,394.45001220703125,3351128
2025-03-05 00:00:00+00:00,395.95001220703125,398.70001220703125,395.45001220703125,397.1499938964844,0
2025-03-05 04:00:00+00:00,396.8500061035156,401.6499938964844,395.70001220703125,399.79998779296875,7925328
2025-03-05 08:00:00+00:00,399.8999938964844,412.25,399.70001220703125,409.20001220703125,5076071
2025-03-06 00:00:00+00:00,408.8500061035156,408.8500061035156,400.75,400.95001220703125,0
2025-03-06 04:00:00+00:00,401.04998779296875,405.3999938964844,400.6000061035156,404.95001220703125,8502971
2025-03-06 08:00:00+00:00,404.6499938964844,406.5,404.5,406.20001220703125,5028325
2025-03-07 00:00:00+00:00,403.70001220703125,405.5,401.70001220703125,403.6000061035156,0
2025-03-07 04:00:00+00:00,403.79998779296875,405.6000061035156,402.5,403.54998779296875,5291694
2025-03-07 08:00:00+00:00,403.54998779296875,404.6499938964844,403.3999938964844,403.75,3614141
2025-03-10 00:00:00+00:00,402.1499938964844,406.70001220703125,400.75,406.6000061035156,0
2025-03-10 04:00:00+00:00,406.6499938964844,406.8500061035156,404.0,404.54998779296875,4322051
2025-03-10 08:00:00+00:00,404.54998779296875,405.5,404.0,405.0,3633508
2025-03-11 00:00:00+00:00,401.3500061035156,407.8999938964844,401.3500061035156,407.3999938964844,0
2025-03-11 04:00:00+00:00,407.3500061035156,408.29998779296875,405.6499938964844,406.20001220703125,5002535
2025-03-11 08:00:00+00:00,406.20001220703125,407.25,405.3999938964844,406.20001220703125,2990352
2025-03-12 00:00:00+00:00,407.0,407.79998779296875,404.1000061035156,407.3999938964844,0
2025-03-12 04:00:00+00:00,407.29998779296875,411.1000061035156,406.20001220703125,410.75,6954411
2025-03-12 08:00:00+00:00,410.75,413.04998779296875,410.6000061035156,412.54998779296875,5363781
2025-03-13 00:00:00+00:00,413.0,413.0,408.20001220703125,412.70001220703125,0
2025-03-13 04:00:00+00:00,412.70001220703125,414.3999938964844,411.04998779296875,413.29998779296875,4340014
2025-03-13 08:00:00+00:00,413.3999938964844,413.79998779296875,411.25,411.5,2662115
2025-03-17 00:00:00+00:00,413.04998779296875,416.1000061035156,411.0,412.0,0
2025-03-17 04:00:00+00:00,412.0,412.0,407.0,409.0,2598919
2025-03-17 08:00:00+00:00,409.0,409.0,407.3999938964844,407.79998779296875,1348932
2025-03-18 00:00:00+00:00,409.0,411.0,407.8999938964844,409.6499938964844,0
2025-03-18 04:00:00+00:00,409.75,411.95001220703125,408.5,409.5,5561294
2025-03-18 08:00:00+00:00,409.3999938964844,410.0,408.45001220703125,409.45001220703125,4541677
2025-03-19 00:00:00+00:00,410.54998779296875,410.75,405.75,406.0,0
2025-03-19 04:00:00+00:00,405.8999938964844,406.3999938964844,403.04998779296875,403.25,5934024
2025-03-19 08:00:00+00:00,403.20001220703125,404.04998779296875,402.70001220703125,403.3999938964844,4883660
2025-03-20 00:00:00+00:00,404.1000061035156,404.3999938964844,402.0,402.70001220703125,0
2025-03-20 04:00:00+00:00,402.70001220703125,406.6000061035156,402.20001220703125,405.6000061035156,8417614
2025-03-20 08:00:00+00:00,405.54998779296875,405.54998779296875,403.3500061035156,403.6000061035156,4045632
2025-03-21 00:00:00+00:00,405.54998779296875,405.54998779296875,403.0,403.3500061035156,0
2025-03-21 04:00:00+00:00,403.3500061035156,405.6499938964844,401.70001220703125,402.1000061035156,12688737
2025-03-21 08:00:00+00:00,402.04998779296875,407.45001220703125,401.70001220703125,406.5,10406072
2025-03-24 00:00:00+00:00,407.3500061035156,408.5,405.8500061035156,407.20001220703125,0
2025-03-24 04:00:00+00:00,407.25,411.75,406.70001220703125,411.5,6660593
2025-03-24 08:00:00+00:00,411.5,412.79998779296875,410.45001220703125,410.75,4335822
2025-03-25 00:00:00+00:00,412.45001220703125,414.79998779296875,409.6499938964844,414.3500061035156,0
2025-03-25 04:00:00+00:00,414.20001220703125,415.04998779296875,409.5,411.29998779296875,8908776
2025-03-25 08:00:00+00:00,411.45001220703125,411.45001220703125,408.79998779296875,409.20001220703125,6785657
2025-03-26 00:00:00+00:00,410.3999938964844,410.3999938964844,408.1000061035156,409.45001220703125,0
2025-03-26 04:00:00+00:00,409.3500061035156,411.20001220703125,407.79998779296875,410.29998779296875,7001071
2025-03-26 08:00:00+00:00,410.29998779296875,410.6000061035156,406.6000061035156,407.1499938964844,5499152
2025-03-27 00:00:00+00:00,408.0,409.29998779296875,405.79998779296875,408.79998779296875,0
2025-03-27 04:00:00+00:00,408.75,410.6000061035156,407.6000061035156,409.54998779296875,6630184
2025-03-27 08:00:00+00:00,409.3999938964844,410.54998779296875,408.04998779296875,409.70001220703125,10579555
2025-03-28 00:00:00+00:00,410.8999938964844,415.45001220703125,408.79998779296875,412.3500061035156,0
2025-03-28 04:00:00+00:00,412.1000061035156,414.3999938964844,408.20001220703125,409.95001220703125,5198611
2025-03-28 08:00:00+00:00,409.95001220703125,410.5,409.04998779296875,409.75,4904027
2025-04-01 00:00:00+00:00,409.75,414.3500061035156,408.45001220703125,412.6000061035156,0
2025-04-01 04:00:00+00:00,412.6000061035156,413.1000061035156,405.6499938964844,407.04998779296875,7436084
2025-04-01 08:00:00+00:00,407.04998779296875,407.54998779296875,405.75,406.5,3486527
2025-04-02 00:00:00+00:00,407.1000061035156,408.6499938964844,406.29998779296875,407.29998779296875,0
2025-04-02 04:00:00+00:00,407.29998779296875,409.8500061035156,407.1000061035156,408.70001220703125,3885503
2025-04-02 08:00:00+00:00,408.70001220703125,409.5,408.29998779296875,408.8999938964844,3144369
2025-04-03 00:00:00+00:00,407.8999938964844,408.45001220703125,406.79998779296875,408.1499938964844,0
2025-04-03 04:00:00+00:00,408.1499938964844,410.20001220703125,407.25,407.3500061035156,3676888
2025-04-03 08:00:00+00:00,407.3500061035156,409.95001220703125,407.0,409.0,2343016
2025-04-04 00:00:00+00:00,407.8500061035156,410.6000061035156,404.54998779296875,409.1000061035156,0
2025-04-04 04:00:00+00:00,409.1000061035156,412.79998779296875,408.1499938964844,409.0,9373805
2025-04-04 08:00:00+00:00,409.0,410.04998779296875,408.79998779296875,409.70001220703125,5532715
2025-04-07 00:00:00+00:00,394.95001220703125,407.8999938964844,394.95001220703125,400.6499938964844,0
2025-04-07 04:00:00+00:00,400.75,404.6000061035156,398.70001220703125,403.6000061035156,10766878
2025-04-07 08:00:00+00:00,403.6000061035156,407.6499938964844,402.3500061035156,406.29998779296875,9275064
2025-04-08 00:00:00+00:00,410.54998779296875,410.95001220703125,407.3500061035156,408.8500061035156,0
2025-04-08 04:00:00+00:00,408.8500061035156,415.79998779296875,407.25,413.5,11324046
2025-04-08 08:00:00+00:00,413.5,414.79998779296875,411.70001220703125,412.54998779296875,4448564
2025-04-09 00:00:00+00:00,413.5,418.29998779296875,411.29998779296875,416.5,0
2025-04-09 04:00:00+00:00,416.6000061035156,419.0,414.8500061035156,416.1000061035156,11800711
2025-04-09 08:00:00+00:00,416.1499938964844,417.1000061035156,415.54998779296875,416.29998779296875,5298072
2025-04-11 00:00:00+00:00,419.6499938964844,420.3999938964844,417.20001220703125,420.20001220703125,0
2025-04-11 04:00:00+00:00,420.1499938964844,421.79998779296875,417.70001220703125,419.54998779296875,3982020
2025-04-11 08:00:00+00:00,419.5,422.45001220703125,419.3500061035156,422.0,2977956
2025-04-15 00:00:00+00:00,425.6000061035156,426.29998779296875,420.75,421.54998779296875,0
2025-04-15 04:00:00+00:00,421.6000061035156,422.5,419.0,421.0,5055252
2025-04-15 08:00:00+00:00,420.95001220703125,421.25,419.70001220703125,420.3999938964844,3785286
2025-04-16 00:00:00+00:00,419.0,423.0,418.79998779296875,422.5,0
2025-04-16 04:00:00+00:00,422.5,424.5,420.25,423.8500061035156,5988977
2025-04-16 08:00:00+00:00,423.95001220703125,425.45001220703125,422.75,424.45001220703125,5421387
2025-04-17 00:00:00+00:00,424.54998779296875,424.54998779296875,421.6499938964844,422.1000061035156,0
2025-04-17 04:00:00+00:00,422.1499938964844,425.54998779296875,421.95001220703125,424.8500061035156,9804894
2025-04-17 08:00:00+00:00,424.70001220703125,427.70001220703125,423.29998779296875,427.04998779296875,10136420
2025-04-21 00:00:00+00:00,428.8500061035156,428.8500061035156,421.5,422.79998779296875,0
2025-04-21 04:00:00+00:00,422.70001220703125,424.1000061035156,421.5,423.45001220703125,18739974
2025-04-21 08:00:00+00:00,423.3999938964844,423.5,422.45001220703125,422.95001220703125,2889694
2025-04-22 00:00:00+00:00,425.54998779296875,427.5,423.79998779296875,426.1499938964844,0
2025-04-22 04:00:00+00:00,426.1000061035156,431.45001220703125,424.70001220703125,431.20001220703125,18776786
2025-04-22 08:00:00+00:00,431.04998779296875,434.75,430.25,433.5,6316503
2025-04-23 00:00:00+00:00,435.6000061035156,435.6000061035156,431.25,432.0,0
2025-04-23 04:00:00+00:00,432.04998779296875,432.8999938964844,428.95001220703125,431.75,11834557
2025-04-23 08:00:00+00:00,431.75,431.79998779296875,429.8500061035156,430.6499938964844,3174927
2025-04-24 00:00:00+00:00,431.6000061035156,432.79998779296875,429.70001220703125,432.25,2605953
2025-04-24 04:00:00+00:00,432.3999938964844,435.8500061035156,430.8999938964844,431.29998779296875,12845719
2025-04-24 08:00:00+00:00,431.3500061035156,431.3999938964844,429.3500061035156,430.0,10609112
2025-04-25 00:00:00+00:00,430.6499938964844,432.5,425.3500061035156,426.54998779296875,0
2025-04-25 04:00:00+00:00,426.75,427.75,423.45001220703125,424.8999938964844,13336843
2025-04-25 08:00:00+00:00,424.75,429.6499938964844,424.75,427.04998779296875,7221082
2025-04-28 00:00:00+00:00,426.95001220703125,429.25,425.29998779296875,429.25,0
2025-04-28 04:00:00+00:00,429.25,430.5,427.04998779296875,429.8500061035156,3534177
2025-04-28 08:00:00+00:00,429.8500061035156,429.8500061035156,428.25,429.0,1607775
2025-04-29 00:00:00+00:00,429.3500061035156,429.54998779296875,425.04998779296875,425.3999938964844,0
2025-04-29 04:00:00+00:00,425.54998779296875,426.79998779296875,425.1000061035156,426.0,3112200
2025-04-29 08:00:00+00:00,426.0,427.25,425.0,425.3500061035156,6389174
2025-04-30 00:00:00+00:00,427.0,428.75,425.54998779296875,428.29998779296875,0
2025-04-30 04:00:00+00:00,428.29998779296875,428.75,426.75,427.1499938964844,2930007
2025-04-30 08:00:00+00:00,427.1499938964844,427.3500061035156,424.8500061035156,425.79998779296875,5940767
2025-05-02 00:00:00+00:00,425.79998779296875,431.45001220703125,425.1499938964844,430.1499938964844,0
2025-05-02 04:00:00+00:00,430.04998779296875,431.25,424.5,430.29998779296875,6991889
2025-05-02 08:00:00+00:00,430.3500061035156,430.95001220703125,428.6499938964844,429.20001220703125,4324263
2025-05-05 00:00:00+00:00,430.3999938964844,435.3500061035156,430.3999938964844,434.0,0
2025-05-05 04:00:00+00:00,434.0,438.1499938964844,433.70001220703125,436.5,5892585
2025-05-05 08:00:00+00:00,436.3500061035156,438.5,435.79998779296875,437.5,4180382
2025-05-06 00:00:00+00:00,438.75,439.1499938964844,435.8999938964844,436.79998779296875,0
2025-05-06 04:00:00+00:00,436.8999938964844,438.25,434.8500061035156,435.20001220703125,4513368
2025-05-06 08:00:00+00:00,435.1000061035156,437.70001220703125,433.3999938964844,433.3999938964844,8864906
2025-05-07 00:00:00+00:00,432.75,434.79998779296875,431.1000061035156,432.25,0
2025-05-07 04:00:00+00:00,432.25,434.0,429.8500061035156,431.6499938964844,4214211
2025-05-07 08:00:00+00:00,431.6000061035156,432.1499938964844,430.04998779296875,430.1499938964844,3523721
2025-05-08 00:00:00+00:00,429.0,429.0,424.04998779296875,424.20001220703125,0
2025-05-08 04:00:00+00:00,424.1499938964844,430.79998779296875,423.6000061035156,429.29998779296875,6285163
2025-05-08 08:00:00+00:00,429.1499938964844,431.5,429.0,429.70001220703125,10973020
2025-05-09 00:00:00+00:00,425.25,428.8500061035156,425.25,426.95001220703125,0
2025-05-09 04:00:00+00:00,426.95001220703125,429.0,424.6499938964844,425.04998779296875,3497761
2025-05-09 08:00:00+00:00,424.95001220703125,425.45001220703125,423.04998779296875,423.8999938964844,2430311
2025-05-12 00:00:00+00:00,429.3999938964844,434.45001220703125,428.25,433.8500061035156,0
2025-05-12 04:00:00+00:00,434.0,435.25,431.79998779296875,434.5,3325292
2025-05-12 08:00:00+00:00,434.54998779296875,436.0,433.1499938964844,435.8999938964844,2635458
2025-05-13 00:00:00+00:00,434.8500061035156,437.75,430.0,431.5,0
2025-05-13 04:00:00+00:00,431.3999938964844,434.6000061035156,425.3999938964844,427.3500061035156,8068541
2025-05-13 08:00:00+00:00,427.3999938964844,428.75,426.70001220703125,427.79998779296875,4233733
2025-05-14 00:00:00+00:00,428.8999938964844,430.8999938964844,427.20001220703125,430.8500061035156,0
2025-05-14 04:00:00+00:00,430.95001220703125,431.20001220703125,426.0,427.6499938964844,5021807
2025-05-14 08:00:00+00:00,427.70001220703125,429.5,427.54998779296875,429.25,3085701
2025-05-15 00:00:00+00:00,428.79998779296875,429.20001220703125,426.0,426.45001220703125,0
2025-05-15 04:00:00+00:00,426.45001220703125,435.3999938964844,426.3999938964844,434.6499938964844,13592875
2025-05-15 08:00:00+00:00,434.75,434.95001220703125,431.1499938964844,432.3500061035156,6630112
2025-05-16 00:00:00+00:00,434.1000061035156,435.0,432.20001220703125,433.8999938964844,0
2025-05-16 04:00:00+00:00,433.95001220703125,436.20001220703125,433.6499938964844,435.25,10517025
2025-05-16 08:00:00+00:00,435.20001220703125,436.0,435.0,435.70001220703125,2949420
2025-05-19 00:00:00+00:00,435.70001220703125,438.3999938964844,434.6000061035156,436.8500061035156,0
2025-05-19 04:00:00+00:00,437.0,437.54998779296875,432.70001220703125,433.04998779296875,3578855
2025-05-19 08:00:00+00:00,433.20001220703125,436.1499938964844,433.04998779296875,435.3500061035156,2788159
2025-05-20 00:00:00+00:00,437.70001220703125,440.79998779296875,436.54998779296875,437.1000061035156,0
2025-05-20 04:00:00+00:00,437.20001220703125,439.5,434.04998779296875,435.3500061035156,5006048
2025-05-20 08:00:00+00:00,435.3500061035156,435.70001220703125,433.0,434.5,3345117
2025-05-21 00:00:00+00:00,436.29998779296875,436.79998779296875,434.8999938964844,436.20001220703125,0
2025-05-21 04:00:00+00:00,436.25,438.1000061035156,433.20001220703125,434.1000061035156,3124231
2025-05-21 08:00:00+00:00,434.04998779296875,434.20001220703125,432.20001220703125,432.45001220703125,1897346
2025-05-22 00:00:00+00:00,431.29998779296875,431.29998779296875,425.1499938964844,425.95001220703125,0
2025-05-22 04:00:00+00:00,425.8999938964844,426.70001220703125,423.79998779296875,424.3999938964844,6921497
2025-05-22 08:00:00+00:00,424.45001220703125,426.8999938964844,423.0,425.5,8608167
2025-05-23 00:00:00+00:00,432.75,434.8999938964844,429.1000061035156,434.8999938964844,0
2025-05-23 04:00:00+00:00,434.8999938964844,439.0,434.3500061035156,436.6499938964844,9614545
2025-05-23 08:00:00+00:00,436.6499938964844,437.0,435.6000061035156,436.0,2770922
2025-05-26 00:00:00+00:00,438.1000061035156,439.75,437.6000061035156,439.29998779296875,0
2025-05-26 04:00:00+00:00,439.29998779296875,441.79998779296875,437.0,441.70001220703125,6963780
2025-05-26 08:00:00+00:00,441.70001220703125,443.54998779296875,441.04998779296875,442.79998779296875,4222011
2025-05-27 00:00:00+00:00,442.54998779296875,442.54998779296875,437.1000061035156,437.8999938964844,0
2025-05-27 04:00:00+00:00,438.0,444.1000061035156,431.20001220703125,431.6499938964844,11309061
2025-05-27 08:00:00+00:00,431.70001220703125,434.79998779296875,430.8999938964844,433.8999938964844,10671729
2025-05-28 00:00:00+00:00,414.6499938964844,422.5,414.6499938964844,421.6499938964844,376150085
2025-05-28 04:00:00+00:00,421.6499938964844,421.8999938964844,419.20001220703125,421.29998779296875,19709804
2025-05-28 08:00:00+00:00,421.29998779296875,421.5,420.0,421.0,9029026
2025-05-29 00:00:00+00:00,422.1499938964844,422.54998779296875,419.0,419.45001220703125,0
2025-05-29 04:00:00+00:00,419.45001220703125,419.75,416.6000061035156,417.20001220703125,10077850
2025-05-29 08:00:00+00:00,417.20001220703125,419.3999938964844,417.1000061035156,419.3500061035156,7576538
2025-05-30 00:00:00+00:00,419.1499938964844,419.1499938964844,416.8500061035156,417.1499938964844,0
2025-05-30 04:00:00+00:00,417.1000061035156,418.8999938964844,416.3999938964844,417.04998779296875,7878291
2025-05-30 08:00:00+00:00,417.04998779296875,419.8999938964844,416.54998779296875,418.04998779296875,18587565
2025-06-02 00:00:00+00:00,417.45001220703125,417.79998779296875,415.0,416.1000061035156,0
2025-06-02 04:00:00+00:00,416.1000061035156,420.45001220703125,415.79998779296875,418.8999938964844,8178834
2025-06-02 08:00:00+00:00,419.0,420.0,418.1000061035156,419.0,3052539
2025-06-03 00:00:00+00:00,419.1000061035156,421.45001220703125,418.0,419.25,0
2025-06-03 04:00:00+00:00,419.1499938964844,421.1000061035156,415.8500061035156,417.25,6217328
2025-06-03 08:00:00+00:00,417.25,417.6499938964844,416.20001220703125,417.0,4091392
2025-06-04 00:00:00+00:00,417.8999938964844,418.45001220703125,416.1000061035156,416.25,1476322
2025-06-04 04:00:00+00:00,416.25,419.0,416.1499938964844,418.29998779296875,7288117
2025-06-04 08:00:00+00:00,418.29998779296875,418.3999938964844,416.04998779296875,416.8999938964844,3830774
2025-06-05 00:00:00+00:00,418.3999938964844,418.3999938964844,416.1000061035156,417.0,0
2025-06-05 04:00:00+00:00,417.0,420.95001220703125,416.8500061035156,418.0,6628702
2025-06-05 08:00:00+00:00,417.79998779296875,419.95001220703125,417.6000061035156,419.1000061035156,3113853
2025-06-06 00:00:00+00:00,420.29998779296875,420.95001220703125,419.1499938964844,420.0,1338472
2025-06-06 04:00:00+00:00,420.04998779296875,421.1499938964844,419.1499938964844,420.8500061035156,5111992
2025-06-06 08:00:00+00:00,420.79998779296875,421.29998779296875,420.70001220703125,421.0,2323934
2025-06-09 00:00:00+00:00,421.8999938964844,422.25,420.75,421.45001220703125,0
2025-06-09 04:00:00+00:00,421.45001220703125,423.5,421.29998779296875,423.0,7237074
2025-06-09 08:00:00+00:00,423.04998779296875,423.45001220703125,422.6499938964844,423.04998779296875,1597105
2025-06-10 00:00:00+00:00,423.95001220703125,425.25,423.04998779296875,425.25,1546139
2025-06-10 04:00:00+00:00,425.25,428.5,424.6000061035156,428.1499938964844,6447276
2025-06-10 08:00:00+00:00,428.20001220703125,428.29998779296875,426.3999938964844,427.45001220703125,5041367
2025-06-11 00:00:00+00:00,427.5,427.5,425.8500061035156,427.0,0
2025-06-11 04:00:00+00:00,427.04998779296875,427.6499938964844,424.8500061035156,425.6499938964844,8173668
2025-06-11 08:00:00+00:00,425.6499938964844,426.70001220703125,425.3999938964844,425.8999938964844,7853941
2025-06-12 00:00:00+00:00,425.8999938964844,426.20001220703125,422.70001220703125,423.75,0
2025-06-12 04:00:00+00:00,423.75,423.8999938964844,419.70001220703125,420.75,12154912
2025-06-12 08:00:00+00:00,420.8500061035156,421.3999938964844,420.5,421.0,4833870
2025-06-13 00:00:00+00:00,415.8999938964844,419.20001220703125,415.20001220703125,417.1499938964844,0
2025-06-13 04:00:00+00:00,417.20001220703125,417.75,414.6499938964844,414.70001220703125,7882641
2025-06-13 08:00:00+00:00,414.70001220703125,415.20001220703125,413.6000061035156,413.95001220703125,4281473
2025-06-16 00:00:00+00:00,413.8999938964844,416.75,413.6000061035156,416.6000061035156,0
2025-06-16 04:00:00+00:00,416.6000061035156,418.8500061035156,416.3500061035156,418.45001220703125,2749986
2025-06-16 08:00:00+00:00,418.45001220703125,418.6000061035156,417.3500061035156,418.6000061035156,2810835
2025-06-17 00:00:00+00:00,418.3999938964844,418.70001220703125,416.29998779296875,418.0,1057516
2025-06-17 04:00:00+00:00,418.0,419.0,415.70001220703125,416.70001220703125,4854977
2025-06-17 08:00:00+00:00,416.79998779296875,417.6499938964844,416.29998779296875,417.04998779296875,3113378
2025-06-18 00:00:00+00:00,416.95001220703125,418.20001220703125,415.45001220703125,417.8999938964844,0
2025-06-18 04:00:00+00:00,417.79998779296875,418.45001220703125,415.1000061035156,415.1499938964844,4670506
2025-06-18 08:00:00+00:00,415.1499938964844,416.29998779296875,414.8999938964844,415.75,2509291
2025-06-19 00:00:00+00:00,415.6499938964844,417.6000061035156,414.8999938964844,417.1000061035156,0
2025-06-19 04:00:00+00:00,417.25,418.25,416.04998779296875,416.70001220703125,8562811
2025-06-19 08:00:00+00:00,416.5,416.6499938964844,415.04998779296875,415.6499938964844,3261140
2025-06-20 00:00:00+00:00,416.8500061035156,418.3500061035156,416.1000061035156,418.3500061035156,0
2025-06-20 04:00:00+00:00,418.54998779296875,419.5,417.6499938964844,418.29998779296875,3497806
2025-06-20 08:00:00+00:00,418.25,419.3999938964844,417.25,417.25,8402473
2025-06-23 00:00:00+00:00,417.3500061035156,417.3500061035156,413.75,414.54998779296875,0
2025-06-23 04:00:00+00:00,414.45001220703125,417.5,414.1000061035156,417.1499938964844,6265148
2025-06-23 08:00:00+00:00,417.1000061035156,417.45001220703125,412.3999938964844,413.5,6652536
2025-06-24 00:00:00+00:00,416.8500061035156,418.79998779296875,415.75,417.8999938964844,2221871
2025-06-24 04:00:00+00:00,417.95001220703125,420.6499938964844,414.20001220703125,414.5,9077763
2025-06-24 08:00:00+00:00,414.5,415.6000061035156,413.79998779296875,414.3500061035156,3745138
2025-06-25 00:00:00+00:00,416.0,417.3500061035156,415.25,415.54998779296875,1347927
2025-06-25 04:00:00+00:00,415.6000061035156,418.1000061035156,415.3999938964844,417.20001220703125,6341374
2025-06-25 08:00:00+00:00,417.29998779296875,417.54998779296875,416.1000061035156,416.25,2253140
2025-06-26 00:00:00+00:00,417.20001220703125,418.95001220703125,416.25,418.6499938964844,2438331
2025-06-26 04:00:00+00:00,418.6000061035156,419.3500061035156,416.75,419.20001220703125,6969939
2025-06-26 08:00:00+00:00,419.20001220703125,420.79998779296875,418.75,420.29998779296875,2823792
2025-06-27 00:00:00+00:00,419.75,421.54998779296875,419.20001220703125,419.5,1739981
2025-06-27 04:00:00+00:00,419.5,420.79998779296875,418.6499938964844,419.1499938964844,12975876
2025-06-27 08:00:00+00:00,419.1499938964844,420.3500061035156,417.8999938964844,419.5,6691209
2025-06-30 00:00:00+00:00,420.0,420.6499938964844,418.70001220703125,419.29998779296875,0
2025-06-30 04:00:00+00:00,419.29998779296875,419.3999938964844,415.79998779296875,416.1499938964844,6870386
2025-06-30 08:00:00+00:00,416.04998779296875,416.79998779296875,415.8999938964844,416.45001220703125,3677178
2025-07-01 00:00:00+00:00,417.25,417.95001220703125,416.3999938964844,416.6499938964844,2476181
2025-07-01 04:00:00+00:00,416.70001220703125,418.8500061035156,415.79998779296875,415.8999938964844,6739613
2025-07-01 08:00:00+00:00,415.95001220703125,416.1000061035156,414.8999938964844,415.1000061035156,4451711
2025-07-02 00:00:00+00:00,416.3999938964844,416.5,413.8999938964844,414.29998779296875,0
2025-07-02 04:00:00+00:00,414.29998779296875,414.75,412.79998779296875,413.79998779296875,8828593
2025-07-02 08:00:00+00:00,413.79998779296875,413.8500061035156,411.70001220703125,413.1499938964844,4762360
2025-07-03 00:00:00+00:00,413.70001220703125,413.70001220703125,411.29998779296875,413.3999938964844,0
2025-07-03 04:00:00+00:00,413.3500061035156,415.79998779296875,412.70001220703125,414.1499938964844,7332514
2025-07-03 08:00:00+00:00,414.1000061035156,414.29998779296875,411.95001220703125,413.75,4684797
2025-07-04 00:00:00+00:00,414.8500061035156,414.8500061035156,413.0,413.6499938964844,806793
2025-07-04 04:00:00+00:00,413.6000061035156,414.04998779296875,412.0,412.1499938964844,3950711
2025-07-04 08:00:00+00:00,412.25,413.0,411.75,412.6499938964844,3495500
2025-07-07 00:00:00+00:00,413.0,415.5,412.0,415.29998779296875,0
2025-07-07 04:00:00+00:00,415.3500061035156,417.20001220703125,415.1000061035156,416.3500061035156,3833285
2025-07-07 08:00:00+00:00,416.25,416.79998779296875,415.8999938964844,416.3999938964844,1658845
2025-07-08 00:00:00+00:00,416.5,416.79998779296875,415.45001220703125,416.20001220703125,646086
2025-07-08 04:00:00+00:00,416.20001220703125,417.5,414.6499938964844,415.79998779296875,2990270
2025-07-08 08:00:00+00:00,415.79998779296875,418.04998779296875,415.70001220703125,418.04998779296875,3149882
2025-07-09 00:00:00+00:00,416.54998779296875,417.3999938964844,415.45001220703125,417.1499938964844,945150
2025-07-09 04:00:00+00:00,417.20001220703125,420.29998779296875,417.1000061035156,419.5,6224776
2025-07-09 08:00:00+00:00,419.45001220703125,419.6499938964844,418.75,419.25,2761057
2025-07-10 00:00:00+00:00,420.04998779296875,420.1499938964844,417.70001220703125,418.0,0
2025-07-10 04:00:00+00:00,418.0,418.45001220703125,416.5,417.95001220703125,2930002
2025-07-10 08:00:00+00:00,417.95001220703125,418.1499938964844,416.45001220703125,416.6499938964844,2146606
2025-07-11 00:00:00+00:00,417.0,417.75,416.20001220703125,417.1000061035156,1300534
2025-07-11 04:00:00+00:00,417.25,417.79998779296875,415.54998779296875,417.20001220703125,4601264
2025-07-11 08:00:00+00:00,417.20001220703125,417.8999938964844,416.20001220703125,416.6499938964844,2675501
2025-07-14 00:00:00+00:00,417.0,418.25,416.6000061035156,418.20001220703125,0
2025-07-14 04:00:00+00:00,418.29998779296875,419.6000061035156,417.8500061035156,419.45001220703125,4046508
2025-07-14 08:00:00+00:00,419.45001220703125,419.8999938964844,418.6499938964844,419.0,2000104
2025-07-15 00:00:00+00:00,420.29998779296875,420.8999938964844,419.0,420.6000061035156,0
2025-07-15 04:00:00+00:00,420.5,422.3999938964844,420.04998779296875,421.79998779296875,4493832
2025-07-15 08:00:00+00:00,421.75,422.3999938964844,421.6499938964844,422.29998779296875,2177939
2025-07-16 00:00:00+00:00,422.04998779296875,422.95001220703125,421.0,421.29998779296875,1341814
2025-07-16 04:00:00+00:00,421.3500061035156,425.3500061035156,420.3500061035156,425.3500061035156,5501411
2025-07-16 08:00:00+00:00,425.3500061035156,425.45001220703125,424.20001220703125,424.3999938964844,2936706
2025-07-17 00:00:00+00:00,425.0,425.70001220703125,423.20001220703125,423.20001220703125,794637
2025-07-17 04:00:00+00:00,423.3500061035156,425.79998779296875,423.0,425.04998779296875,3584050
2025-07-17 08:00:00+00:00,425.0,425.29998779296875,423.0,423.20001220703125,2857147
2025-07-18 00:00:00+00:00,425.0,425.0,422.1000061035156,422.5,707227
2025-07-18 04:00:00+00:00,422.5,422.75,420.1000061035156,422.5,3296130
2025-07-18 08:00:00+00:00,422.3999938964844,423.25,421.8999938964844,422.5,2725875
2025-07-21 00:00:00+00:00,422.5,422.6499938964844,420.54998779296875,422.3999938964844,0
2025-07-21 04:00:00+00:00,422.25,422.5,418.54998779296875,418.95001220703125,2696722
2025-07-21 08:00:00+00:00,418.95001220703125,420.45001220703125,418.5,420.0,1517835
2025-07-22 00:00:00+00:00,420.04998779296875,420.25,418.5,418.6499938964844,1099647
2025-07-22 04:00:00+00:00,418.6000061035156,419.54998779296875,415.79998779296875,416.20001220703125,3229150
2025-07-22 08:00:00+00:00,416.3500061035156,417.0,415.20001220703125,416.0,5539578
2025-07-23 00:00:00+00:00,417.8500061035156,417.8999938964844,414.0,414.75,0
2025-07-23 04:00:00+00:00,414.79998779296875,415.45001220703125,414.25,414.95001220703125,8213162
2025-07-23 08:00:00+00:00,414.95001220703125,415.1000061035156,414.70001220703125,415.0,2058115
2025-07-24 00:00:00+00:00,415.75,415.75,413.29998779296875,413.5,1018787
2025-07-24 04:00:00+00:00,413.5,413.79998779296875,409.54998779296875,409.95001220703125,5258760
2025-07-24 08:00:00+00:00,410.0,410.04998779296875,409.5,410.0,2725160
2025-07-25 00:00:00+00:00,410.0,410.0,408.0,409.1499938964844,986590
2025-07-25 04:00:00+00:00,409.1000061035156,410.0,407.8500061035156,409.20001220703125,3322200
2025-07-25 08:00:00+00:00,409.20001220703125,409.75,408.6000061035156,409.6000061035156,1511039
2025-07-28 00:00:00+00:00,410.20001220703125,410.79998779296875,409.1000061035156,410.45001220703125,0
2025-07-28 04:00:00+00:00,410.5,410.6499938964844,408.75,409.3500061035156,4269099
2025-07-28 08:00:00+00:00,409.29998779296875,410.0,409.1499938964844,409.79998779296875,1582582
2025-07-29 00:00:00+00:00,409.8999938964844,411.3999938964844,409.8999938964844,410.1499938964844,0
2025-07-29 04:00:00+00:00,410.1499938964844,410.1499938964844,408.20001220703125,409.45001220703125,3055513
2025-07-29 08:00:00+00:00,409.45001220703125,409.5,408.0,408.20001220703125,2026140
2025-07-30 00:00:00+00:00,408.79998779296875,408.79998779296875,405.79998779296875,406.75,1526142
2025-07-30 04:00:00+00:00,406.8500061035156,408.79998779296875,405.8500061035156,408.3999938964844,6491622
2025-07-30 08:00:00+00:00,408.3999938964844,408.3999938964844,406.79998779296875,407.6000061035156,2072127
2025-07-31 00:00:00+00:00,406.5,409.6499938964844,405.75,409.5,5848688
2025-07-31 04:00:00+00:00,409.45001220703125,414.0,409.45001220703125,413.54998779296875,6031696
2025-07-31 08:00:00+00:00,413.3999938964844,413.70001220703125,410.5,411.95001220703125,4690890
2025-08-01 00:00:00+00:00,412.70001220703125,416.95001220703125,412.1000061035156,416.95001220703125,4820534
2025-08-01 04:00:00+00:00,416.95001220703125,419.3500061035156,415.3999938964844,417.95001220703125,6817180
2025-08-01 08:00:00+00:00,417.95001220703125,418.1499938964844,415.6000061035156,416.3500061035156,2681020
2025-08-04 00:00:00+00:00,421.95001220703125,422.0,415.29998779296875,419.6000061035156,0
2025-08-04 04:00:00+00:00,419.6000061035156,420.20001220703125,416.29998779296875,417.0,7661847
2025-08-04 08:00:00+00:00,417.0,417.29998779296875,415.75,416.6499938964844,5384724
2025-08-05 00:00:00+00:00,417.70001220703125,417.79998779296875,413.8999938964844,414.04998779296875,1336367
2025-08-05 04:00:00+00:00,414.04998779296875,415.1000061035156,413.04998779296875,414.1000061035156,2996264
2025-08-05 08:00:00+00:00,414.1499938964844,414.70001220703125,413.6499938964844,414.0,4161325
2025-08-06 00:00:00+00:00,414.1499938964844,414.75,411.6000061035156,412.29998779296875,0
2025-08-06 04:00:00+00:00,412.3500061035156,412.79998779296875,410.54998779296875,411.5,5683723
2025-08-06 08:00:00+00:00,411.54998779296875,412.5,410.5,412.3500061035156,2436512
2025-08-07 00:00:00+00:00,412.1000061035156,414.1000061035156,412.1000061035156,414.0,0
2025-08-07 04:00:00+00:00,414.0,414.75,412.25,413.1499938964844,7919187
2025-08-07 08:00:00+00:00,413.1499938964844,414.0,413.1000061035156,413.3999938964844,2667474
2025-08-08 00:00:00+00:00,414.1000061035156,415.20001220703125,413.79998779296875,414.1000061035156,2095092
2025-08-08 04:00:00+00:00,414.1499938964844,415.1000061035156,413.6000061035156,414.5,5274223
2025-08-08 08:00:00+00:00,414.5,415.0,413.75,414.1499938964844,2408709
2025-08-11 00:00:00+00:00,414.8999938964844,416.6499938964844,414.3500061035156,416.1499938964844,0
2025-08-11 04:00:00+00:00,416.25,416.95001220703125,415.20001220703125,416.75,4754663
2025-08-11 08:00:00+00:00,416.70001220703125,417.0,416.45001220703125,416.8500061035156,1676318
2025-08-12 00:00:00+00:00,416.95001220703125,419.75,416.95001220703125,418.70001220703125,2150787
2025-08-12 04:00:00+00:00,418.70001220703125,419.0,416.3999938964844,416.95001220703125,7909215
2025-08-12 08:00:00+00:00,416.8999938964844,417.25,415.8500061035156,416.1000061035156,3574373
2025-08-13 00:00:00+00:00,417.29998779296875,417.5,415.79998779296875,416.04998779296875,1071889
2025-08-13 04:00:00+00:00,416.04998779296875,416.45001220703125,413.70001220703125,415.1499938964844,6647180
2025-08-13 08:00:00+00:00,414.8500061035156,415.0,413.75,414.1000061035156,3154193
2025-08-14 00:00:00+00:00,414.79998779296875,415.04998779296875,412.8999938964844,414.04998779296875,1034035
2025-08-14 04:00:00+00:00,414.04998779296875,414.5,411.5,412.25,5427814
2025-08-14 08:00:00+00:00,412.25,412.5,411.0,411.45001220703125,2233954
2025-08-18 00:00:00+00:00,412.25,412.3999938964844,408.79998779296875,410.3500061035156,0
2025-08-18 04:00:00+00:00,410.3999938964844,410.5,407.8999938964844,408.95001220703125,15789907
2025-08-18 08:00:00+00:00,408.95001220703125,408.95001220703125,405.0,405.3999938964844,8946261
2025-08-19 00:00:00+00:00,406.04998779296875,406.6499938964844,404.79998779296875,406.29998779296875,0
2025-08-19 04:00:00+00:00,406.3500061035156,408.8500061035156,404.95001220703125,408.45001220703125,10048308
2025-08-19 08:00:00+00:00,408.45001220703125,409.3999938964844,408.0,409.1000061035156,3474950
2025-08-20 00:00:00+00:00,408.5,409.1499938964844,407.1499938964844,408.8999938964844,0
2025-08-20 04:00:00+00:00,408.95001220703125,410.1499938964844,407.3500061035156,407.95001220703125,10089870
2025-08-20 08:00:00+00:00,407.8500061035156,407.95001220703125,405.6000061035156,406.1499938964844,6010319
2025-08-21 00:00:00+00:00,406.1000061035156,406.79998779296875,404.70001220703125,406.1499938964844,3792961
2025-08-21 04:00:00+00:00,406.20001220703125,406.75,403.54998779296875,405.95001220703125,6766660
2025-08-21 08:00:00+00:00,405.95001220703125,406.54998779296875,404.3999938964844,406.0,4432545
2025-08-22 00:00:00+00:00,406.20001220703125,406.20001220703125,401.3999938964844,401.75,2378584
2025-08-22 04:00:00+00:00,401.75,401.75,398.1000061035156,398.8500061035156,7851633
2025-08-22 08:00:00+00:00,398.8500061035156,398.8500061035156,397.6000061035156,398.29998779296875,2847552
2025-08-25 00:00:00+00:00,399.20001220703125,399.25,396.3500061035156,397.5,0
2025-08-25 04:00:00+00:00,397.5,400.54998779296875,397.1499938964844,399.8999938964844,5623837
2025-08-25 08:00:00+00:00,399.8999938964844,400.04998779296875,398.8999938964844,399.04998779296875,2747676
2025-08-26 00:00:00+00:00,399.0,399.8999938964844,398.54998779296875,399.3999938964844,1055349
2025-08-26 04:00:00+00:00,399.3500061035156,403.79998779296875,399.3500061035156,403.0,5119207
2025-08-26 08:00:00+00:00,403.04998779296875,405.3999938964844,402.1499938964844,403.29998779296875,7539212
2025-08-28 00:00:00+00:00,403.70001220703125,403.95001220703125,400.29998779296875,401.0,0
2025-08-28 04:00:00+00:00,400.8999938964844,402.45001220703125,400.3999938964844,402.04998779296875,6020717
2025-08-28 08:00:00+00:00,401.95001220703125,402.1499938964844,400.0,400.79998779296875,4512740
2025-08-29 00:00:00+00:00,402.25,408.1000061035156,402.04998779296875,404.8999938964844,0
2025-08-29 04:00:00+00:00,404.8999938964844,410.20001220703125,404.75,410.1499938964844,11362197
2025-08-29 08:00:00+00:00,410.1499938964844,410.3999938964844,409.1499938964844,409.5,5298735
2025-09-01 00:00:00+00:00,409.75,410.1499938964844,408.25,408.95001220703125,0
2025-09-01 04:00:00+00:00,408.8500061035156,409.25,405.0,405.79998779296875,6118992
2025-09-01 08:00:00+00:00,405.79998779296875,406.1000061035156,405.29998779296875,405.6000061035156,4656805
2025-09-02 00:00:00+00:00,406.1000061035156,407.29998779296875,405.1000061035156,406.79998779296875,0
2025-09-02 04:00:00+00:00,406.8500061035156,407.79998779296875,404.5,405.1000061035156,8817734
2025-09-02 08:00:00+00:00,405.0,407.3999938964844,405.0,407.0,6651119
2025-09-03 00:00:00+00:00,407.79998779296875,410.79998779296875,407.29998779296875,410.45001220703125,0
2025-09-03 04:00:00+00:00,410.45001220703125,413.20001220703125,408.6499938964844,411.70001220703125,7594143
2025-09-03 08:00:00+00:00,411.70001220703125,412.25,410.8500061035156,411.1000061035156,2522332
2025-09-04 00:00:00+00:00,421.8999938964844,423.29998779296875,417.54998779296875,418.0,1667593
2025-09-04 04:00:00+00:00,418.04998779296875,418.8500061035156,415.1000061035156,416.3999938964844,8100162
2025-09-04 08:00:00+00:00,416.3999938964844,416.6499938964844,415.0,415.8999938964844,4568070
2025-09-05 00:00:00+00:00,415.70001220703125,416.3500061035156,406.20001220703125,406.5,0
2025-09-05 04:00:00+00:00,406.1499938964844,408.0,404.3999938964844,406.8999938964844,9980238
2025-09-05 08:00:00+00:00,406.8999938964844,407.95001220703125,406.5,407.79998779296875,2967012
2025-09-08 00:00:00+00:00,408.1499938964844,410.5,407.3999938964844,408.54998779296875,0
2025-09-08 04:00:00+00:00,408.6000061035156,408.70001220703125,407.45001220703125,408.70001220703125,3314650
2025-09-08 08:00:00+00:00,408.70001220703125,409.1499938964844,406.8500061035156,407.8999938964844,2757373
2025-09-09 00:00:00+00:00,408.1000061035156,408.8500061035156,407.3999938964844,408.6000061035156,876207
2025-09-09 04:00:00+00:00,408.6000061035156,410.8999938964844,408.04998779296875,410.70001220703125,4365536
2025-09-09 08:00:00+00:00,410.70001220703125,410.8999938964844,409.3500061035156,410.04998779296875,2712081
2025-09-10 00:00:00+00:00,410.54998779296875,411.20001220703125,408.95001220703125,409.45001220703125,1439371
2025-09-10 04:00:00+00:00,409.45001220703125,412.6499938964844,409.0,412.3999938964844,5418561
2025-09-10 08:00:00+00:00,412.45001220703125,413.70001220703125,411.1000061035156,413.04998779296875,1833616
2025-09-11 00:00:00+00:00,413.8999938964844,415.79998779296875,413.54998779296875,414.1000061035156,878401
2025-09-11 04:00:00+00:00,414.20001220703125,416.6000061035156,414.1000061035156,416.3500061035156,4602969
2025-09-11 08:00:00+00:00,416.3500061035156,416.70001220703125,414.29998779296875,415.5,2791095
2025-09-12 00:00:00+00:00,415.20001220703125,415.20001220703125,413.1000061035156,413.20001220703125,0
2025-09-12 04:00:00+00:00,413.1499938964844,416.75,412.8999938964844,414.54998779296875,5349129
2025-09-12 08:00:00+00:00,414.5,414.70001220703125,413.25,413.75,1378479
2025-09-15 00:00:00+00:00,413.5,414.20001220703125,413.1000061035156,413.29998779296875,0
2025-09-15 04:00:00+00:00,413.5,414.25,411.75,412.8500061035156,3854855
2025-09-15 08:00:00+00:00,412.95001220703125,413.6000061035156,412.1499938964844,412.79998779296875,1213792
2025-09-16 00:00:00+00:00,413.20001220703125,414.04998779296875,412.1000061035156,413.8500061035156,0
2025-09-16 04:00:00+00:00,414.0,414.0,412.3500061035156,413.0,3090425
2025-09-16 08:00:00+00:00,413.04998779296875,413.79998779296875,412.0,413.6499938964844,3959662
2025-09-17 00:00:00+00:00,414.25,414.6000061035156,410.8500061035156,410.8500061035156,1439040
2025-09-17 04:00:00+00:00,410.6499938964844,412.3999938964844,408.04998779296875,409.0,8610255
2025-09-17 08:00:00+00:00,409.04998779296875,410.1000061035156,408.45001220703125,410.0,4063186
2025-09-18 00:00:00+00:00,411.0,412.45001220703125,410.1000061035156,411.5,0
2025-09-18 04:00:00+00:00,411.45001220703125,413.04998779296875,410.75,410.95001220703125,8166061
2025-09-18 08:00:00+00:00,411.04998779296875,412.6000061035156,410.3500061035156,411.54998779296875,5875751
2025-09-19 00:00:00+00:00,412.3500061035156,412.6000061035156,409.8500061035156,410.5,0
2025-09-19 04:00:00+00:00,410.45001220703125,411.20001220703125,409.54998779296875,409.54998779296875,4160890
2025-09-19 08:00:00+00:00,409.6499938964844,411.75,409.0,410.6499938964844,14567496
2025-09-22 00:00:00+00:00,410.6499938964844,411.0,409.3500061035156,409.79998779296875,0
2025-09-22 04:00:00+00:00,409.75,410.20001220703125,406.79998779296875,407.1000061035156,4707871
2025-09-22 08:00:00+00:00,407.04998779296875,407.3500061035156,406.04998779296875,406.95001220703125,3152725
2025-09-23 00:00:00+00:00,408.0,408.0,403.6000061035156,403.70001220703125,0
2025-09-23 04:00:00+00:00,403.75,404.75,402.25,404.1499938964844,6997793
2025-09-23 08:00:00+00:00,404.1000061035156,404.45001220703125,402.79998779296875,404.0,6287146
2025-09-24 00:00:00+00:00,404.0,404.25,402.04998779296875,402.8999938964844,0
2025-09-24 04:00:00+00:00,402.79998779296875,403.3500061035156,401.5,401.70001220703125,6760927
2025-09-24 08:00:00+00:00,401.70001220703125,401.79998779296875,400.79998779296875,401.0,4621187
2025-09-25 00:00:00+00:00,401.1499938964844,402.75,400.29998779296875,400.29998779296875,0
2025-09-25 04:00:00+00:00,400.3500061035156,401.0,398.0,398.95001220703125,10484393
2025-09-25 08:00:00+00:00,398.8999938964844,401.0,398.8999938964844,400.1000061035156,8509394
2025-09-26 00:00:00+00:00,401.5,401.75,399.79998779296875,400.95001220703125,0
2025-09-26 04:00:00+00:00,400.95001220703125,405.3500061035156,400.8500061035156,404.95001220703125,9553907
2025-09-26 08:00:00+00:00,404.95001220703125,405.45001220703125,404.20001220703125,405.1000061035156,3612659
2025-09-29 00:00:00+00:00,406.04998779296875,406.5,403.3500061035156,406.45001220703125,0
2025-09-29 04:00:00+00:00,406.5,407.1000061035156,404.3500061035156,405.3500061035156,5606162
2025-09-29 08:00:00+00:00,405.3999938964844,408.0,404.20001220703125,404.3999938964844,12580673
2025-09-30 00:00:00+00:00,405.45001220703125,406.04998779296875,402.20001220703125,402.45001220703125,0
2025-09-30 04:00:00+00:00,402.6000061035156,403.8500061035156,400.45001220703125,401.0,4396774
2025-09-30 08:00:00+00:00,400.8999938964844,402.1000061035156,400.45001220703125,401.75,3628351
2025-10-01 00:00:00+00:00,401.75,402.5,399.8500061035156,400.04998779296875,0
2025-10-01 04:00:00+00:00,400.04998779296875,405.8500061035156,399.8999938964844,405.5,10303341
2025-10-01 08:00:00+00:00,405.5,406.0,404.29998779296875,404.79998779296875,5836856
2025-10-03 00:00:00+00:00,404.75,405.1499938964844,402.3999938964844,403.79998779296875,0
2025-10-03 04:00:00+00:00,403.79998779296875,405.5,403.1499938964844,404.45001220703125,12499110
2025-10-03 08:00:00+00:00,404.25,404.6000061035156,403.25,404.6000061035156,1945616
2025-10-06 00:00:00+00:00,402.8999938964844,403.70001220703125,400.79998779296875,401.0,0
2025-10-06 04:00:00+00:00,400.95001220703125,401.45001220703125,399.79998779296875,400.1000061035156,9294191
2025-10-06 08:00:00+00:00,400.1000061035156,401.20001220703125,399.8500061035156,401.0,3171512
2025-10-07 00:00:00+00:00,402.20001220703125,402.5,400.70001220703125,401.3999938964844,0
2025-10-07 04:00:00+00:00,401.29998779296875,401.95001220703125,399.6000061035156,401.0,5008381
2025-10-07 08:00:00+00:00,400.95001220703125,401.0,399.54998779296875,399.95001220703125,4797966
2025-10-08 00:00:00+00:00,400.45001220703125,401.70001220703125,399.0,401.3500061035156,0
2025-10-08 04:00:00+00:00,401.29998779296875,401.29998779296875,398.1000061035156,399.20001220703125,4486557
2025-10-08 08:00:00+00:00,399.20001220703125,400.0,398.8500061035156,399.5,2399623
2025-10-09 00:00:00+00:00,399.45001220703125,400.75,399.1499938964844,400.45001220703125,0
2025-10-09 04:00:00+00:00,400.45001220703125,401.3999938964844,399.04998779296875,399.79998779296875,9388580
2025-10-09 08:00:00+00:00,399.79998779296875,400.0,399.3500061035156,399.3500061035156,4273926
2025-10-10 00:00:00+00:00,400.45001220703125,403.1499938964844,399.6000061035156,402.29998779296875,0
2025-10-10 04:00:00+00:00,402.3500061035156,403.79998779296875,401.25,401.8999938964844,7509551
2025-10-10 08:00:00+00:00,402.0,403.1499938964844,401.75,402.3999938964844,3535064
2025-10-13 00:00:00+00:00,400.0,400.8500061035156,399.6499938964844,400.25,0
2025-10-13 04:00:00+00:00,400.20001220703125,400.45001220703125,398.6000061035156,399.6499938964844,4491937
2025-10-13 08:00:00+00:00,399.79998779296875,400.0,398.8500061035156,399.25,2396767
2025-10-14 00:00:00+00:00,400.45001220703125,400.45001220703125,397.6499938964844,398.0,0
2025-10-14 04:00:00+00:00,397.8999938964844,398.8500061035156,396.54998779296875,397.0,4948407
2025-10-14 08:00:00+00:00,397.0,398.45001220703125,396.25,396.70001220703125,3583894
2025-10-15 00:00:00+00:00,397.79998779296875,400.0,397.79998779296875,399.6000061035156,0
2025-10-15 04:00:00+00:00,399.75,400.8500061035156,398.8500061035156,399.5,9583027
2025-10-15 08:00:00+00:00,399.5,400.5,399.20001220703125,400.29998779296875,5003956
2025-10-16 00:00:00+00:00,399.8999938964844,402.6000061035156,399.6000061035156,401.20001220703125,0
2025-10-16 04:00:00+00:00,401.20001220703125,404.6499938964844,400.70001220703125,404.1499938964844,11264060
2025-10-16 08:00:00+00:00,404.20001220703125,405.6499938964844,404.0,405.6000061035156,5692251
2025-10-17 00:00:00+00:00,405.75,409.1499938964844,405.3500061035156,408.8999938964844,0
2025-10-17 04:00:00+00:00,408.95001220703125,413.8500061035156,408.75,413.0,13886719
2025-10-17 08:00:00+00:00,413.1499938964844,413.54998779296875,411.1000061035156,411.70001220703125,4928236
2025-10-20 00:00:00+00:00,412.54998779296875,414.70001220703125,412.54998779296875,414.0,0
2025-10-20 04:00:00+00:00,414.0,414.3999938964844,411.29998779296875,412.6499938964844,7400002
2025-10-20 08:00:00+00:00,412.6000061035156,413.54998779296875,412.04998779296875,413.04998779296875,3776205
2025-10-21 04:00:00+00:00,413.5,413.5,412.5,412.95001220703125,663064
2025-10-21 08:00:00+00:00,413.0,413.20001220703125,412.3999938964844,412.8500061035156,448109
2025-10-23 00:00:00+00:00,414.8999938964844,419.3999938964844,413.70001220703125,419.0,3900204
2025-10-23 04:00:00+00:00,419.0,420.3999938964844,414.54998779296875,415.0,12463245
2025-10-23 08:00:00+00:00,415.0,416.70001220703125,414.75,415.95001220703125,6798332
2025-10-24 00:00:00+00:00,415.95001220703125,415.95001220703125,413.6000061035156,414.6000061035156,0
2025-10-24 04:00:00+00:00,414.6000061035156,417.0,413.79998779296875,416.45001220703125,9150506
2025-10-24 08:00:00+00:00,416.45001220703125,417.95001220703125,415.6000061035156,417.5,3896218
2025-10-27 00:00:00+00:00,417.54998779296875,419.5,416.6000061035156,418.8500061035156,0
2025-10-27 04:00:00+00:00,419.0,422.70001220703125,418.6000061035156,421.25,6654006
2025-10-27 08:00:00+00:00,421.25,422.1000061035156,419.6000061035156,421.0,3283918
2025-10-28 00:00:00+00:00,421.25,421.6499938964844,419.1000061035156,419.6499938964844,0
2025-10-28 04:00:00+00:00,419.6499938964844,419.6499938964844,416.25,417.1000061035156,7581631
2025-10-28 08:00:00+00:00,417.1000061035156,418.75,415.8999938964844,417.95001220703125,7207448
2025-10-29 00:00:00+00:00,418.25,418.6499938964844,416.04998779296875,418.45001220703125,0
2025-10-29 04:00:00+00:00,418.5,419.75,417.5,419.45001220703125,6053869
2025-10-29 08:00:00+00:00,419.45001220703125,422.20001220703125,419.45001220703125,421.8500061035156,4672070
2025-10-30 00:00:00+00:00,421.25,421.25,416.20001220703125,421.04998779296875,0
2025-10-30 04:00:00+00:00,421.04998779296875,421.54998779296875,418.0,418.70001220703125,6596513
2025-10-30 08:00:00+00:00,418.70001220703125,419.70001220703125,417.8500061035156,419.3500061035156,4151937
2025-10-31 00:00:00+00:00,419.45001220703125,425.8999938964844,418.6000061035156,425.1499938964844,0
2025-10-31 04:00:00+00:00,425.04998779296875,426.3999938964844,419.5,420.6499938964844,7394400
2025-10-31 08:00:00+00:00,420.6499938964844,421.20001220703125,419.5,420.3500061035156,4992500
2025-11-03 00:00:00+00:00,419.79998779296875,421.6499938964844,416.3999938964844,417.95001220703125,0
2025-11-03 04:00:00+00:00,417.75,418.54998779296875,413.45001220703125,414.1000061035156,3799986
2025-11-03 08:00:00+00:00,414.1499938964844,414.6499938964844,413.6000061035156,414.0,2166287
2025-11-04 00:00:00+00:00,414.20001220703125,414.5,410.75,411.04998779296875,0
2025-11-04 04:00:00+00:00,411.1499938964844,412.95001220703125,408.8999938964844,409.20001220703125,4249651
2025-11-04 08:00:00+00:00,409.20001220703125,409.6000061035156,408.3500061035156,408.8999938964844,4598747
2025-11-06 00:00:00+00:00,409.6499938964844,413.1499938964844,409.3999938964844,409.3999938964844,0
2025-11-06 04:00:00+00:00,409.3999938964844,409.75,406.54998779296875,408.45001220703125,4587572
2025-11-06 08:00:00+00:00,408.3999938964844,408.8500061035156,406.6499938964844,408.5,4460331
2025-11-07 00:00:00+00:00,406.5,409.1000061035156,406.5,408.0,0
2025-11-07 04:00:00+00:00,407.79998779296875,408.0,404.0,404.04998779296875,4015504
2025-11-07 08:00:00+00:00,404.04998779296875,405.3500061035156,403.70001220703125,404.04998779296875,3503609
2025-11-10 00:00:00+00:00,404.1000061035156,406.6499938964844,403.8500061035156,406.3500061035156,0
2025-11-10 04:00:00+00:00,406.3500061035156,407.04998779296875,405.0,406.0,3143540
2025-11-10 08:00:00+00:00,406.0,406.45001220703125,405.0,406.0,2495044
2025-11-11 00:00:00+00:00,406.5,407.8999938964844,405.25,407.20001220703125,0
2025-11-11 04:00:00+00:00,407.1000061035156,407.20001220703125,404.70001220703125,406.54998779296875,8417835
2025-11-11 08:00:00+00:00,406.54998779296875,407.54998779296875,406.29998779296875,406.8500061035156,2611082
2025-11-12 00:00:00+00:00,408.0,408.0,405.75,406.0,0
2025-11-12 04:00:00+00:00,406.0,407.29998779296875,405.79998779296875,406.20001220703125,3761902
2025-11-12 08:00:00+00:00,406.25,407.45001220703125,406.20001220703125,407.0,2919931
2025-11-13 00:00:00+00:00,407.0,407.5,404.6000061035156,405.70001220703125,0
2025-11-13 04:00:00+00:00,405.75,407.5,405.25,406.20001220703125,3045062
2025-11-13 08:00:00+00:00,406.1499938964844,407.3500061035156,405.1499938964844,405.79998779296875,2862521
2025-11-14 00:00:00+00:00,404.5,406.95001220703125,401.75,403.95001220703125,47484285
2025-11-14 04:00:00+00:00,404.04998779296875,406.5,403.75,404.79998779296875,3707382
2025-11-14 08:00:00+00:00,404.79998779296875,408.75,404.6000061035156,408.1499938964844,6212296
2025-11-17 00:00:00+00:00,410.25,410.25,409.0,409.3999938964844,0
2025-11-17 04:00:00+00:00,409.5,409.75,406.5,407.5,4024697
2025-11-17 08:00:00+00:00,407.5,407.70001220703125,406.0,407.5,2811581
2025-11-18 00:00:00+00:00,408.3500061035156,408.3500061035156,404.95001220703125,405.1000061035156,0
2025-11-18 04:00:00+00:00,405.1000061035156,406.75,404.6000061035156,406.45001220703125,3480705
2025-11-18 08:00:00+00:00,406.54998779296875,406.6499938964844,405.20001220703125,405.8500061035156,2877989
2025-11-19 00:00:00+00:00,405.0,405.5,403.6499938964844,403.8999938964844,0
2025-11-19 04:00:00+00:00,403.95001220703125,404.54998779296875,402.79998779296875,404.3999938964844,4695838
2025-11-19 08:00:00+00:00,404.29998779296875,404.3999938964844,403.3500061035156,403.75,2448508
2025-11-20 00:00:00+00:00,404.04998779296875,405.8500061035156,403.5,405.75,0
2025-11-20 04:00:00+00:00,405.79998779296875,407.0,405.04998779296875,405.79998779296875,2928782
2025-11-20 08:00:00+00:00,405.75,405.95001220703125,404.75,405.0,2973099
2025-11-21 00:00:00+00:00,405.45001220703125,406.70001220703125,404.75,405.3999938964844,0
2025-11-21 04:00:00+00:00,405.5,408.3500061035156,405.0,408.3500061035156,2931324
2025-11-21 08:00:00+00:00,408.29998779296875,408.5,407.5,408.0,2066052
2025-11-24 00:00:00+00:00,408.3999938964844,408.75,406.45001220703125,407.3999938964844,0
2025-11-24 04:00:00+00:00,407.3500061035156,407.3500061035156,404.3500061035156,405.04998779296875,2415833
2025-11-24 08:00:00+00:00,405.0,405.25,402.8500061035156,404.0,7685036
2025-11-25 00:00:00+00:00,403.54998779296875,404.25,402.0,403.8999938964844,0
2025-11-25 04:00:00+00:00,403.8999938964844,404.5,402.3500061035156,403.3999938964844,3054073
2025-11-25 08:00:00+00:00,403.3999938964844,403.79998779296875,400.20001220703125,400.3999938964844,4311271
2025-11-26 00:00:00+00:00,401.0,403.95001220703125,401.0,403.1499938964844,0
2025-11-26 04:00:00+00:00,403.1499938964844,403.20001220703125,402.0,402.6000061035156,6568704
2025-11-26 08:00:00+00:00,402.6000061035156,402.70001220703125,402.0,402.29998779296875,3608282
2025-11-27 00:00:00+00:00,403.5,403.8500061035156,402.3999938964844,402.6000061035156,0
2025-11-27 04:00:00+00:00,402.6499938964844,403.45001220703125,402.1499938964844,402.5,3972726
2025-11-27 08:00:00+00:00,402.54998779296875,405.95001220703125,402.5,405.5,3737201
2025-11-28 00:00:00+00:00,404.8500061035156,404.8500061035156,402.70001220703125,402.95001220703125,0
2025-11-28 04:00:00+00:00,402.95001220703125,404.1000061035156,402.5,403.1499938964844,3666866
2025-11-28 08:00:00+00:00,403.1499938964844,404.6000061035156,402.70001220703125,404.29998779296875,2495216
2025-12-01 00:00:00+00:00,402.0,402.3500061035156,398.20001220703125,401.6000061035156,0
2025-12-01 04:00:00+00:00,401.6000061035156,405.5,401.1499938964844,403.8999938964844,5302372
2025-12-01 08:00:00+00:00,403.8999938964844,404.79998779296875,403.1000061035156,404.25,3266975
2025-12-02 00:00:00+00:00,404.29998779296875,405.3999938964844,402.6000061035156,402.95001220703125,0
2025-12-02 04:00:00+00:00,402.8999938964844,403.1000061035156,400.75,401.70001220703125,3796382
2025-12-02 08:00:00+00:00,401.75,401.8500061035156,400.5,401.70001220703125,3217553
2025-12-03 00:00:00+00:00,401.8999938964844,402.1499938964844,398.8999938964844,400.3500061035156,0
2025-12-03 04:00:00+00:00,400.5,402.0,399.3500061035156,400.1499938964844,5732774
2025-12-03 08:00:00+00:00,400.1499938964844,401.0,399.79998779296875,400.5,2719931
2025-12-04 00:00:00+00:00,400.3999938964844,401.8500061035156,399.1000061035156,401.3500061035156,0
2025-12-04 04:00:00+00:00,401.3999938964844,403.25,401.1000061035156,401.54998779296875,4968026
2025-12-04 08:00:00+00:00,401.54998779296875,403.3500061035156,401.3500061035156,403.25,2405397
2025-12-05 00:00:00+00:00,403.45001220703125,403.79998779296875,402.0,402.95001220703125,0
2025-12-05 04:00:00+00:00,403.0,405.20001220703125,402.8500061035156,404.70001220703125,2620027
2025-12-05 08:00:00+00:00,404.75,405.3500061035156,404.29998779296875,405.1499938964844,1262137
2025-12-08 00:00:00+00:00,404.95001220703125,405.0,403.04998779296875,403.5,0
2025-12-08 04:00:00+00:00,403.5,405.0,400.54998779296875,401.0,3208151
2025-12-08 08:00:00+00:00,401.0,402.8999938964844,400.8999938964844,402.0,2311020
2025-12-09 00:00:00+00:00,402.0,403.29998779296875,400.1499938964844,401.6499938964844,926312
2025-12-09 04:00:00+00:00,401.70001220703125,404.5,401.5,402.70001220703125,4958223
2025-12-09 08:00:00+00:00,402.70001220703125,402.8500061035156,400.3500061035156,401.04998779296875,3541321
2025-12-10 00:00:00+00:00,401.1000061035156,404.29998779296875,401.0,404.29998779296875,0
2025-12-10 04:00:00+00:00,404.29998779296875,404.3999938964844,402.8500061035156,403.04998779296875,3745784
2025-12-10 08:00:00+00:00,403.04998779296875,403.75,402.75,403.1000061035156,2445361
2025-12-11 00:00:00+00:00,403.3999938964844,403.79998779296875,401.20001220703125,402.0,0
2025-12-11 04:00:00+00:00,402.0,402.6499938964844,401.1000061035156,402.54998779296875,3275470
2025-12-11 08:00:00+00:00,402.54998779296875,404.0,402.29998779296875,403.0,2421910
2025-12-12 00:00:00+00:00,403.1499938964844,403.1499938964844,401.29998779296875,401.6000061035156,0
2025-12-12 04:00:00+00:00,401.6000061035156,402.0,400.25,400.6499938964844,4283297
2025-12-12 08:00:00+00:00,400.6499938964844,400.79998779296875,399.8500061035156,400.1000061035156,6951313
2025-12-15 00:00:00+00:00,400.1000061035156,400.8999938964844,399.75,400.04998779296875,0
2025-12-15 04:00:00+00:00,400.0,403.3500061035156,400.0,402.45001220703125,5000376
2025-12-15 08:00:00+00:00,402.3999938964844,402.6499938964844,401.70001220703125,402.0,1404660
2025-12-16 00:00:00+00:00,402.0,404.0,401.1000061035156,403.1000061035156,0
2025-12-16 04:00:00+00:00,403.1000061035156,405.6499938964844,401.8999938964844,403.0,7325320
2025-12-16 08:00:00+00:00,403.1000061035156,403.1000061035156,401.3500061035156,401.95001220703125,2586616
2025-12-17 00:00:00+00:00,401.70001220703125,402.95001220703125,401.70001220703125,402.1000061035156,0
2025-12-17 04:00:00+00:00,402.1000061035156,402.45001220703125,399.3500061035156,400.70001220703125,3817490
2025-12-17 08:00:00+00:00,400.8999938964844,401.1499938964844,399.6000061035156,400.25,3596670
2025-12-18 00:00:00+00:00,400.6000061035156,401.8999938964844,400.25,401.0,859251
2025-12-18 04:00:00+00:00,401.0,401.70001220703125,400.3999938964844,400.70001220703125,3424396
2025-12-18 08:00:00+00:00,400.70001220703125,401.1000061035156,399.8500061035156,400.45001220703125,2943449
2025-12-19 00:00:00+00:00,400.54998779296875,401.8999938964844,400.54998779296875,401.20001220703125,0
2025-12-19 04:00:00+00:00,401.25,402.3999938964844,400.75,402.0,3142317
2025-12-19 08:00:00+00:00,401.95001220703125,402.6499938964844,400.70001220703125,400.95001220703125,6756796
2025-12-22 00:00:00+00:00,401.95001220703125,403.6000061035156,401.8500061035156,402.5,0
2025-12-22 04:00:00+00:00,402.6000061035156,403.6499938964844,401.8999938964844,403.0,4681840
2025-12-22 08:00:00+00:00,403.0,403.1499938964844,402.5,402.8999938964844,1528556
2025-12-23 00:00:00+00:00,402.5,404.20001220703125,402.04998779296875,403.79998779296875,0
2025-12-23 04:00:00+00:00,403.8500061035156,405.3999938964844,403.5,405.25,3727091
2025-12-23 08:00:00+00:00,405.1499938964844,408.8999938964844,405.1499938964844,408.8500061035156,4960375
2025-12-24 00:00:00+00:00,407.5,408.8500061035156,406.6000061035156,407.70001220703125,0
2025-12-24 04:00:00+00:00,407.8500061035156,408.45001220703125,406.45001220703125,406.6499938964844,2448407
2025-12-24 08:00:00+00:00,406.5,407.5,405.6499938964844,406.8999938964844,2035385
2025-12-26 00:00:00+00:00,406.5,407.1000061035156,404.6000061035156,405.0,0
2025-12-26 04:00:00+00:00,405.0,405.5,404.0,404.79998779296875,1384042
2025-12-26 08:00:00+00:00,404.79998779296875,404.79998779296875,403.95001220703125,404.3500061035156,1291971
2025-12-29 00:00:00+00:00,403.95001220703125,404.79998779296875,402.25,402.54998779296875,0
2025-12-29 04:00:00+00:00,402.54998779296875,403.1499938964844,401.95001220703125,402.6499938964844,2313517
2025-12-29 08:00:00+00:00,402.6000061035156,403.3999938964844,401.95001220703125,402.8999938964844,3473493
2025-12-30 00:00:00+00:00,403.04998779296875,403.25,401.45001220703125,402.6499938964844,0
2025-12-30 04:00:00+00:00,402.6499938964844,403.45001220703125,400.6499938964844,401.45001220703125,5988910
2025-12-30 08:00:00+00:00,401.3999938964844,401.45001220703125,400.3500061035156,400.6000061035156,5736295
2025-12-31 00:00:00+00:00,401.1000061035156,402.75,401.1000061035156,402.5,0
2025-12-31 04:00:00+00:00,402.5,403.70001220703125,402.0,403.70001220703125,4849302
2025-12-31 08:00:00+00:00,403.70001220703125,403.70001220703125,402.6000061035156,402.6499938964844,2979271
2026-01-01 00:00:00+00:00,402.1499938964844,402.1499938964844,378.6000061035156,379.20001220703125,63754537
2026-01-01 04:00:00+00:00,379.3500061035156,381.04998779296875,362.70001220703125,367.0,167044706
2026-01-01 08:00:00+00:00,367.0,367.79998779296875,362.75,364.0,41826788
2026-01-02 00:00:00+00:00,359.0,359.0,345.54998779296875,349.5,0
2026-01-02 04:00:00+00:00,349.5,352.6499938964844,348.3999938964844,349.70001220703125,42145515
2026-01-02 08:00:00+00:00,349.70001220703125,350.6499938964844,349.3500061035156,350.1000061035156,17462948
2026-01-05 00:00:00+00:00,350.3999938964844,353.8500061035156,346.6000061035156,352.3999938964844,0
2026-01-05 04:00:00+00:00,352.5,353.8999938964844,348.1000061035156,349.3500061035156,23985475
2026-01-05 08:00:00+00:00,349.29998779296875,349.95001220703125,349.04998779296875,349.6000061035156,7912662
2026-01-06 00:00:00+00:00,350.25,350.70001220703125,347.70001220703125,349.3500061035156,0
2026-01-06 04:00:00+00:00,349.3500061035156,349.45001220703125,337.79998779296875,339.1499938964844,46624605
2026-01-06 08:00:00+00:00,339.1000061035156,343.3500061035156,338.6000061035156,343.3500061035156,19876262
2026-01-07 00:00:00+00:00,342.95001220703125,344.54998779296875,341.8999938964844,343.95001220703125,0
2026-01-07 04:00:00+00:00,343.95001220703125,344.20001220703125,339.29998779296875,340.45001220703125,15929577
2026-01-07 08:00:00+00:00,340.45001220703125,341.95001220703125,340.45001220703125,341.95001220703125,7005390
2026-01-08 00:00:00+00:00,341.70001220703125,342.79998779296875,339.8999938964844,340.3500061035156,0
2026-01-08 04:00:00+00:00,340.3500061035156,344.95001220703125,339.1000061035156,341.20001220703125,22215975
2026-01-08 08:00:00+00:00,341.20001220703125,341.8500061035156,340.3500061035156,340.5,8016588
2026-01-09 00:00:00+00:00,340.8500061035156,340.8999938964844,338.8500061035156,340.04998779296875,0
2026-01-09 04:00:00+00:00,340.04998779296875,340.20001220703125,336.1000061035156,336.6499938964844,19948467
2026-01-09 08:00:00+00:00,336.54998779296875,338.3999938964844,336.45001220703125,338.25,8650808
2026-01-12 00:00:00+00:00,338.04998779296875,339.25,336.6000061035156,338.1000061035156,0
2026-01-12 04:00:00+00:00,338.1000061035156,339.5,335.8999938964844,339.0,9124034
2026-01-12 08:00:00+00:00,339.0,339.1000061035156,338.1000061035156,338.29998779296875,2940588
2026-01-13 00:00:00+00:00,339.0,339.45001220703125,337.54998779296875,337.8999938964844,0
2026-01-13 04:00:00+00:00,337.75,338.20001220703125,333.75,334.1499938964844,15268888
2026-01-13 08:00:00+00:00,334.1000061035156,335.0,333.8999938964844,334.70001220703125,7052544
2026-01-14 00:00:00+00:00,335.6499938964844,335.6499938964844,333.8999938964844,334.8500061035156,0
2026-01-14 04:00:00+00:00,334.75,336.0,333.45001220703125,334.95001220703125,6212712
2026-01-14 08:00:00+00:00,334.8500061035156,335.0,334.3500061035156,334.8500061035156,5705145
2026-01-16 00:00:00+00:00,336.79998779296875,337.04998779296875,333.54998779296875,334.20001220703125,0
2026-01-16 04:00:00+00:00,334.20001220703125,334.5,329.3999938964844,330.29998779296875,18368816
2026-01-16 08:00:00+00:00,330.29998779296875,330.3500061035156,328.6000061035156,328.95001220703125,7831506
2026-01-19 00:00:00+00:00,330.0,331.45001220703125,327.75,330.79998779296875,0
2026-01-19 04:00:00+00:00,330.79998779296875,334.5,329.20001220703125,333.6000061035156,7571717
2026-01-19 08:00:00+00:00,333.6499938964844,334.6000061035156,332.45001220703125,333.0,3894937
2026-01-20 00:00:00+00:00,334.1499938964844,334.1499938964844,331.3999938964844,331.75,0
2026-01-20 04:00:00+00:00,331.6499938964844,333.45001220703125,328.54998779296875,328.70001220703125,8511322
2026-01-20 08:00:00+00:00,328.75,329.0,325.75,326.20001220703125,6988943
2026-01-21 00:00:00+00:00,325.8999938964844,329.20001220703125,325.8999938964844,327.6499938964844,0
2026-01-21 04:00:00+00:00,327.70001220703125,328.1499938964844,324.3999938964844,325.04998779296875,7246582
2026-01-21 08:00:00+00:00,325.04998779296875,325.6000061035156,324.3999938964844,325.0,3215106
2026-01-22 00:00:00+00:00,326.29998779296875,328.6499938964844,325.95001220703125,328.25,0
2026-01-22 04:00:00+00:00,328.1499938964844,328.29998779296875,321.1000061035156,323.8500061035156,9914402
2026-01-22 08:00:00+00:00,323.8500061035156,325.75,323.20001220703125,325.6000061035156,5511600
2026-01-23 00:00:00+00:00,325.8500061035156,326.20001220703125,323.6000061035156,325.54998779296875,0
2026-01-23 04:00:00+00:00,325.54998779296875,326.3500061035156,322.79998779296875,323.1000061035156,6948707
2026-01-23 08:00:00+00:00,323.20001220703125,324.0,323.0,323.20001220703125,2866138
2026-01-27 00:00:00+00:00,323.6499938964844,324.6499938964844,321.5,322.75,0
2026-01-27 04:00:00+00:00,322.75,323.8500061035156,319.0,319.25,17946707
2026-01-27 08:00:00+00:00,319.25,319.8999938964844,317.8999938964844,319.79998779296875,25236262
2026-01-28 00:00:00+00:00,319.95001220703125,323.6000061035156,319.95001220703125,320.0,0
2026-01-28 04:00:00+00:00,320.04998779296875,322.54998779296875,319.3500061035156,319.95001220703125,14076634
2026-01-28 08:00:00+00:00,320.04998779296875,321.5,319.75,321.3999938964844,6426300
2026-01-29 00:00:00+00:00,322.54998779296875,322.54998779296875,318.29998779296875,319.0,0
2026-01-29 04:00:00+00:00,319.04998779296875,319.8500061035156,318.1000061035156,318.8500061035156,8877801
2026-01-29 08:00:00+00:00,318.8500061035156,319.6499938964844,318.29998779296875,318.79998779296875,5609057
2026-01-30 00:00:00+00:00,319.1000061035156,325.04998779296875,316.70001220703125,323.75,12128501
2026-01-30 04:00:00+00:00,324.0,324.3999938964844,318.6000061035156,322.79998779296875,17528690
2026-01-30 08:00:00+00:00,322.79998779296875,323.1499938964844,321.45001220703125,322.1499938964844,12301388
2026-02-03 00:00:00+00:00,323.0,323.0,311.95001220703125,313.20001220703125,11520069
2026-02-03 04:00:00+00:00,313.20001220703125,318.20001220703125,312.75,317.6000061035156,12045704
2026-02-03 08:00:00+00:00,317.54998779296875,318.04998779296875,315.6499938964844,317.0,9596467
2026-02-04 00:00:00+00:00,312.0,314.8500061035156,312.0,314.70001220703125,0
2026-02-04 04:00:00+00:00,314.75,314.8999938964844,312.6000061035156,313.3500061035156,4867798
2026-02-04 08:00:00+00:00,313.3500061035156,314.3500061035156,313.25,313.8500061035156,2803498
2026-02-05 00:00:00+00:00,314.1000061035156,315.29998779296875,311.95001220703125,312.1499938964844,0
2026-02-05 04:00:00+00:00,312.1000061035156,312.6499938964844,309.3500061035156,309.8500061035156,8912024
2026-02-05 08:00:00+00:00,309.8500061035156,310.95001220703125,309.54998779296875,310.1000061035156,3886505
2026-02-06 00:00:00+00:00,309.75,309.95001220703125,308.3999938964844,309.70001220703125,0
2026-02-06 04:00:00+00:00,309.70001220703125,327.70001220703125,309.6499938964844,324.70001220703125,50793557
2026-02-06 08:00:00+00:00,324.79998779296875,326.75,322.5,326.3500061035156,14834635
2026-02-09 00:00:00+00:00,327.6000061035156,327.95001220703125,323.0,323.79998779296875,0
2026-02-09 04:00:00+00:00,323.79998779296875,324.1499938964844,321.6499938964844,323.1499938964844,9527684
2026-02-09 08:00:00+00:00,323.0,323.6000061035156,322.0,322.70001220703125,3360402
2026-02-10 00:00:00+00:00,322.5,323.3500061035156,321.1499938964844,321.54998779296875,0
2026-02-10 04:00:00+00:00,321.54998779296875,322.8999938964844,320.79998779296875,320.95001220703125,5656871
2026-02-10 08:00:00+00:00,320.8999938964844,321.75,320.75,321.25,3156377
2026-02-11 00:00:00+00:00,321.8999938964844,321.95001220703125,318.54998779296875,318.75,0
2026-02-11 04:00:00+00:00,318.79998779296875,319.5,316.3500061035156,318.45001220703125,18189669
2026-02-11 08:00:00+00:00,318.29998779296875,319.20001220703125,317.95001220703125,318.1000061035156,4149528
2026-02-12 00:00:00+00:00,317.5,319.45001220703125,317.5,317.70001220703125,0
2026-02-12 04:00:00+00:00,317.70001220703125,320.3999938964844,317.20001220703125,319.6000061035156,5527668
2026-02-12 08:00:00+00:00,319.6499938964844,320.3999938964844,316.95001220703125,317.3999938964844,5679785
2026-02-13 00:00:00+00:00,315.95001220703125,318.29998779296875,315.8999938964844,316.79998779296875,0
2026-02-13 04:00:00+00:00,316.79998779296875,317.0,314.3500061035156,314.8999938964844,4073073
2026-02-13 08:00:00+00:00,314.95001220703125,315.0,313.3999938964844,313.6000061035156,2598681
2026-02-16 00:00:00+00:00,313.8500061035156,315.6499938964844,313.25,315.3500061035156,0
2026-02-16 04:00:00+00:00,315.3500061035156,318.20001220703125,314.79998779296875,317.45001220703125,7130628
2026-02-16 08:00:00+00:00,317.6000061035156,318.25,317.45001220703125,318.0,2531043
2026-02-17 00:00:00+00:00,318.8500061035156,327.70001220703125,318.3500061035156,326.04998779296875,3284732
2026-02-17 04:00:00+00:00,326.1000061035156,326.5,323.79998779296875,324.3500061035156,18169032
2026-02-17 08:00:00+00:00,324.3500061035156,325.95001220703125,324.29998779296875,325.04998779296875,6214102
2026-02-18 00:00:00+00:00,325.70001220703125,330.75,325.70001220703125,330.04998779296875,0
2026-02-18 04:00:00+00:00,330.0,331.8999938964844,327.45001220703125,331.3999938964844,16854696
2026-02-18 08:00:00+00:00,331.3999938964844,332.8999938964844,331.25,332.6000061035156,9556388
2026-02-19 00:00:00+00:00,333.8500061035156,334.1000061035156,329.29998779296875,330.3999938964844,0
2026-02-19 04:00:00+00:00,330.45001220703125,330.6000061035156,327.1499938964844,328.04998779296875,8392244
2026-02-19 08:00:00+00:00,327.95001220703125,328.54998779296875,325.04998779296875,325.6000061035156,5556625
2026-02-20 00:00:00+00:00,326.0,327.6000061035156,325.45001220703125,326.20001220703125,0
2026-02-20 04:00:00+00:00,326.20001220703125,327.8500061035156,326.04998779296875,326.20001220703125,4383559
2026-02-20 08:00:00+00:00,326.3500061035156,327.5,326.20001220703125,327.20001220703125,4321759
2026-02-23 00:00:00+00:00,327.04998779296875,328.1000061035156,325.6000061035156,325.79998779296875,0
2026-02-23 04:00:00+00:00,325.75,326.45001220703125,324.3999938964844,324.95001220703125,6134031
2026-02-23 08:00:00+00:00,325.04998779296875,325.75,324.75,325.3999938964844,4901217
2026-02-24 00:00:00+00:00,324.54998779296875,325.20001220703125,322.1499938964844,323.6499938964844,0
2026-02-24 04:00:00+00:00,323.5,325.0,322.3500061035156,324.3999938964844,6406445
2026-02-24 08:00:00+00:00,324.3999938964844,324.6499938964844,322.95001220703125,323.5,4931052
2026-02-25 00:00:00+00:00,325.5,326.54998779296875,322.79998779296875,322.8500061035156,0
2026-02-25 04:00:00+00:00,322.95001220703125,323.54998779296875,318.20001220703125,319.8999938964844,5915966
2026-02-25 08:00:00+00:00,319.95001220703125,321.3500061035156,319.04998779296875,319.20001220703125,4957228
2026-02-26 00:00:00+00:00,320.0,320.8500061035156,319.0,319.70001220703125,0
2026-02-26 04:00:00+00:00,319.70001220703125,320.0,317.70001220703125,318.8999938964844,5690013
2026-02-26 08:00:00+00:00,318.8999938964844,320.0,317.95001220703125,318.45001220703125,3938193
2026-02-27 00:00:00+00:00,316.75,317.70001220703125,314.3500061035156,315.3500061035156,0
2026-02-27 04:00:00+00:00,315.3999938964844,316.29998779296875,315.0,316.04998779296875,3821085
2026-02-27 08:00:00+00:00,316.1000061035156,316.29998779296875,312.70001220703125,314.20001220703125,7251120
2026-03-02 00:00:00+00:00,308.79998779296875,312.45001220703125,308.54998779296875,311.45001220703125,0
2026-03-02 04:00:00+00:00,311.45001220703125,314.95001220703125,310.95001220703125,314.8999938964844,9975424
2026-03-02 08:00:00+00:00,314.8999938964844,315.75,313.3500061035156,314.70001220703125,8707844
2026-03-04 00:00:00+00:00,311.0,315.25,311.0,313.3500061035156,0
2026-03-04 04:00:00+00:00,313.29998779296875,313.3999938964844,310.5,313.25,10692685
2026-03-04 08:00:00+00:00,313.25,313.70001220703125,311.3999938964844,311.95001220703125,6377564
2026-03-05 00:00:00+00:00,312.5,313.6000061035156,309.1499938964844,309.1499938964844,0
2026-03-05 04:00:00+00:00,309.1499938964844,311.95001220703125,308.25,310.0,10911872
2026-03-05 08:00:00+00:00,310.0,312.95001220703125,310.0,311.5,5524041
2026-03-06 00:00:00+00:00,310.3999938964844,312.29998779296875,309.75,310.8999938964844,0
2026-03-06 04:00:00+00:00,310.8999938964844,311.25,309.45001220703125,310.3999938964844,11160832
2026-03-06 08:00:00+00:00,310.3999938964844,310.54998779296875,309.5,309.95001220703125,4861147
2026-03-09 00:00:00+00:00,305.54998779296875,307.0,303.70001220703125,304.29998779296875,0
2026-03-09 04:00:00+00:00,304.29998779296875,306.95001220703125,303.70001220703125,304.6499938964844,6456398
2026-03-09 08:00:00+00:00,304.6499938964844,307.1499938964844,304.3999938964844,305.0,3610976
2026-03-10 00:00:00+00:00,308.8500061035156,308.8500061035156,303.8500061035156,304.1499938964844,0
2026-03-10 04:00:00+00:00,304.1499938964844,310.0,303.95001220703125,309.8500061035156,10791825
2026-03-10 08:00:00+00:00,309.8999938964844,309.95001220703125,308.1499938964844,309.5,3863229
2026-03-11 00:00:00+00:00,309.75,310.6000061035156,308.79998779296875,309.1000061035156,0
2026-03-11 04:00:00+00:00,309.0,309.3500061035156,307.75,309.25,6724488
2026-03-11 08:00:00+00:00,309.20001220703125,309.95001220703125,308.6499938964844,308.8999938964844,4127772
2026-03-12 00:00:00+00:00,307.8500061035156,307.8500061035156,305.3999938964844,305.6499938964844,0
2026-03-12 04:00:00+00:00,305.6499938964844,308.0,305.3500061035156,305.6499938964844,13678689
2026-03-12 08:00:00+00:00,305.6499938964844,305.79998779296875,303.0,303.79998779296875,6267760
2026-03-13 00:00:00+00:00,303.79998779296875,306.0,302.75,303.54998779296875,0
2026-03-13 04:00:00+00:00,303.5,304.54998779296875,300.75,302.0,15142501
2026-03-13 08:00:00+00:00,302.0,302.3500061035156,300.8999938964844,301.79998779296875,6850199
2026-03-16 00:00:00+00:00,302.1000061035156,305.6000061035156,302.1000061035156,304.70001220703125,0
2026-03-16 04:00:00+00:00,304.70001220703125,304.8999938964844,302.45001220703125,304.8500061035156,15374275
2026-03-16 08:00:00+00:00,304.8999938964844,309.3500061035156,304.45001220703125,307.29998779296875,14614067
2026-03-17 00:00:00+00:00,309.75,309.79998779296875,305.70001220703125,306.04998779296875,0
2026-03-17 04:00:00+00:00,306.04998779296875,307.3999938964844,304.8999938964844,306.20001220703125,12955307
2026-03-17 08:00:00+00:00,306.25,306.70001220703125,304.3500061035156,304.45001220703125,7350118
2026-03-18 00:00:00+00:00,305.8999938964844,306.29998779296875,304.0,304.45001220703125,0
2026-03-18 04:00:00+00:00,304.45001220703125,306.95001220703125,303.79998779296875,305.29998779296875,8826939
2026-03-18 08:00:00+00:00,305.25,305.8999938964844,303.5,304.04998779296875,4860495
2026-03-19 00:00:00+00:00,301.5,305.5,299.75,300.1499938964844,0
2026-03-19 04:00:00+00:00,300.1499938964844,301.45001220703125,299.1000061035156,299.29998779296875,6513065
2026-03-19 08:00:00+00:00,299.29998779296875,300.0,297.1000061035156,299.1499938964844,6597503
2026-03-20 00:00:00+00:00,301.04998779296875,304.8999938964844,299.75,304.75,0
2026-03-20 04:00:00+00:00,304.75,308.70001220703125,304.29998779296875,305.95001220703125,22070620
2026-03-20 08:00:00+00:00,305.95001220703125,306.04998779296875,298.25,299.95001220703125,32118190
2026-03-23 00:00:00+00:00,299.0,299.0,293.54998779296875,293.95001220703125,0
2026-03-23 04:00:00+00:00,294.0,294.1499938964844,289.79998779296875,291.5,15979135
2026-03-23 08:00:00+00:00,291.5,292.20001220703125,289.6000061035156,291.0,10193354
2026-03-24 00:00:00+00:00,295.95001220703125,295.95001220703125,288.79998779296875,290.20001220703125,0
2026-03-24 04:00:00+00:00,290.20001220703125,293.1499938964844,288.79998779296875,292.3500061035156,19462686
2026-03-24 08:00:00+00:00,292.3500061035156,292.95001220703125,290.75,292.29998779296875,6821199
2026-03-25 00:00:00+00:00,292.75,296.45001220703125,292.3999938964844,296.20001220703125,0
2026-03-25 04:00:00+00:00,296.1499938964844,298.5,295.70001220703125,296.75,15109631
2026-03-25 08:00:00+00:00,296.6499938964844,297.0,295.1000061035156,296.0,6045839
2026-03-27 00:00:00+00:00,294.75,294.75,292.79998779296875,293.0,0
2026-03-27 04:00:00+00:00,293.0,296.79998779296875,291.6000061035156,295.1499938964844,9717637
2026-03-27 08:00:00+00:00,295.1499938964844,295.20001220703125,293.6499938964844,294.54998779296875,9807211
2026-03-30 00:00:00+00:00,294.20001220703125,294.20001220703125,290.04998779296875,292.54998779296875,0
2026-03-30 04:00:00+00:00,292.5,292.75,288.70001220703125,288.79998779296875,10301863
2026-03-30 08:00:00+00:00,288.79998779296875,288.95001220703125,287.0,288.3999938964844,8382655
2026-04-01 00:00:00+00:00,292.8500061035156,294.25,292.0,292.70001220703125,0
2026-04-01 04:00:00+00:00,292.6000061035156,294.0,291.25,292.5,8410382
2026-04-01 08:00:00+00:00,292.5,292.6000061035156,291.0,292.20001220703125,4504729
2026-04-02 00:00:00+00:00,290.1000061035156,290.5,288.54998779296875,289.79998779296875,0
2026-04-02 04:00:00+00:00,289.75,293.6000061035156,288.79998779296875,292.5,10148987
2026-04-02 08:00:00+00:00,292.54998779296875,293.6000061035156,291.54998779296875,292.29998779296875,5184573
2026-04-06 00:00:00+00:00,292.8999938964844,293.95001220703125,291.1499938964844,291.54998779296875,0
2026-04-06 04:00:00+00:00,291.5,294.0,291.0,293.75,10512697
2026-04-06 08:00:00+00:00,293.8999938964844,295.3500061035156,293.1499938964844,294.70001220703125,4347786
2026-04-07 00:00:00+00:00,294.1499938964844,297.5,292.79998779296875,295.6499938964844,0
2026-04-07 04:00:00+00:00,295.6499938964844,298.5,294.6499938964844,298.1000061035156,11728873
2026-04-07 08:00:00+00:00,298.1499938964844,299.0,297.6499938964844,298.75,9870480
2026-04-08 00:00:00+00:00,303.1000061035156,303.8999938964844,301.79998779296875,302.20001220703125,0
2026-04-08 04:00:00+00:00,302.29998779296875,304.3999938964844,301.70001220703125,303.45001220703125,10879021
2026-04-08 08:00:00+00:00,303.5,304.04998779296875,301.70001220703125,302.25,5525636
2026-04-09 00:00:00+00:00,301.6499938964844,304.3999938964844,301.6000061035156,302.70001220703125,0
2026-04-09 04:00:00+00:00,302.70001220703125,304.29998779296875,302.5,303.6000061035156,9739017
2026-04-09 08:00:00+00:00,303.6000061035156,303.6000061035156,302.20001220703125,303.0,4037310
2026-04-10 00:00:00+00:00,303.75,304.95001220703125,302.8999938964844,304.29998779296875,0
2026-04-10 04:00:00+00:00,304.25,305.3500061035156,303.20001220703125,304.70001220703125,8569824
2026-04-10 08:00:00+00:00,304.70001220703125,304.8500061035156,303.79998779296875,304.25,3899039
2026-04-13 00:00:00+00:00,300.95001220703125,301.45001220703125,298.70001220703125,299.1499938964844,0
2026-04-13 04:00:00+00:00,299.1000061035156,301.0,298.54998779296875,299.04998779296875,8154184
2026-04-13 08:00:00+00:00,299.04998779296875,299.25,298.1000061035156,298.79998779296875,4263793
2026-04-15 00:00:00+00:00,301.1000061035156,303.25,300.6000061035156,302.6000061035156,0
2026-04-15 04:00:00+00:00,302.6499938964844,304.0,301.6499938964844,302.70001220703125,8388636
2026-04-15 08:00:00+00:00,302.75,302.8500061035156,301.79998779296875,302.20001220703125,4047898
2026-04-16 00:00:00+00:00,303.3999938964844,303.45001220703125,301.8999938964844,302.54998779296875,0
2026-04-16 04:00:00+00:00,302.54998779296875,305.3500061035156,302.25,303.3500061035156,9876235
2026-04-16 08:00:00+00:00,303.29998779296875,304.1000061035156,303.04998779296875,303.8500061035156,2719463
2026-04-17 00:00:00+00:00,304.25,309.95001220703125,304.25,307.8999938964844,0
2026-04-17 04:00:00+00:00,308.0,309.8999938964844,306.25,306.3500061035156,15226569
2026-04-17 08:00:00+00:00,306.5,308.5,306.04998779296875,307.0,7549015
2026-04-20 00:00:00+00:00,307.20001220703125,307.3999938964844,305.3999938964844,306.45001220703125,0
2026-04-20 08:00:00+00:00,306.79998779296875,306.79998779296875,304.45001220703125,304.8999938964844,10745420
2026-04-21 00:00:00+00:00,304.8500061035156,306.04998779296875,304.6000061035156,305.45001220703125,0
2026-04-21 04:00:00+00:00,305.3999938964844,307.1499938964844,304.6000061035156,307.04998779296875,10825510
2026-04-21 08:00:00+00:00,307.1000061035156,311.1000061035156,307.04998779296875,310.0,10200751
2026-04-22 00:00:00+00:00,309.75,310.3999938964844,306.20001220703125,306.3500061035156,0
2026-04-22 04:00:00+00:00,306.3999938964844,307.3999938964844,305.6000061035156,305.70001220703125,13105677
2026-04-22 08:00:00+00:00,305.6499938964844,306.04998779296875,305.20001220703125,305.45001220703125,6060198
2026-04-23 00:00:00+00:00,304.45001220703125,306.3500061035156,303.5,305.70001220703125,0
2026-04-23 04:00:00+00:00,305.70001220703125,305.79998779296875,304.3999938964844,304.75,4873202
2026-04-23 08:00:00+00:00,304.75,305.54998779296875,304.6499938964844,305.3500061035156,3224162
2026-04-24 00:00:00+00:00,306.6499938964844,306.6499938964844,302.79998779296875,303.70001220703125,0
2026-04-24 04:00:00+00:00,303.70001220703125,304.8999938964844,302.1000061035156,302.20001220703125,7358413
2026-04-24 08:00:00+00:00,302.04998779296875,303.5,301.1499938964844,301.45001220703125,6894207
2026-04-27 00:00:00+00:00,303.25,305.6000061035156,303.0,305.0,0
2026-04-27 04:00:00+00:00,305.0,305.3999938964844,302.95001220703125,304.5,7466424
2026-04-27 08:00:00+00:00,304.5,304.75,303.6000061035156,304.0,4103714
2026-04-28 00:00:00+00:00,304.0,305.20001220703125,302.6000061035156,305.0,0
2026-04-28 04:00:00+00:00,305.04998779296875,305.54998779296875,304.04998779296875,304.54998779296875,8107148
2026-04-28 08:00:00+00:00,304.54998779296875,305.0,304.1000061035156,304.1499938964844,2592291
2026-04-29 00:00:00+00:00,305.6000061035156,312.8999938964844,305.3999938964844,311.8999938964844,0
2026-04-29 04:00:00+00:00,311.8500061035156,317.5,311.04998779296875,315.45001220703125,16195239
2026-04-29 08:00:00+00:00,315.5,316.8500061035156,315.29998779296875,316.25,6181554
2026-04-30 00:00:00+00:00,316.25,316.6499938964844,313.5,315.0,0
2026-04-30 04:00:00+00:00,315.04998779296875,317.45001220703125,314.8500061035156,315.1000061035156,4754440
2026-04-30 08:00:00+00:00,315.1000061035156,315.8999938964844,314.25,315.20001220703125,3197546
2026-05-04 00:00:00+00:00,317.5,317.5,312.8999938964844,315.25,0
2026-05-04 04:00:00+00:00,315.20001220703125,316.29998779296875,310.54998779296875,311.75,9895299
2026-05-04 08:00:00+00:00,311.75,312.04998779296875,310.5,311.1000061035156,2984293
2026-05-05 00:00:00+00:00,311.6000061035156,313.3500061035156,310.25,310.8999938964844,0
2026-05-05 04:00:00+00:00,310.8999938964844,313.6499938964844,309.70001220703125,311.45001220703125,18664037
2026-05-05 08:00:00+00:00,311.6000061035156,312.54998779296875,310.5,310.95001220703125,4859331
2026-05-06 00:00:00+00:00,313.04998779296875,313.20001220703125,309.79998779296875,311.8500061035156,0
2026-05-06 04:00:00+00:00,311.79998779296875,311.8999938964844,309.29998779296875,310.0,7682907
2026-05-06 08:00:00+00:00,309.8999938964844,311.54998779296875,309.5,310.75,7951321
2026-05-07 00:00:00+00:00,310.0,311.54998779296875,309.1000061035156,309.70001220703125,0
2026-05-07 04:00:00+00:00,309.70001220703125,310.70001220703125,308.70001220703125,308.8999938964844,7024514
2026-05-07 08:00:00+00:00,308.8500061035156,309.20001220703125,307.0,307.54998779296875,15233135
2026-05-08 00:00:00+00:00,308.45001220703125,308.45001220703125,305.75,306.6000061035156,0
2026-05-08 04:00:00+00:00,306.5,308.3500061035156,306.29998779296875,307.95001220703125,10810519
2026-05-08 08:00:00+00:00,307.8999938964844,308.29998779296875,307.1000061035156,307.25,4024870
2026-05-11 00:00:00+00:00,306.70001220703125,307.95001220703125,305.1499938964844,306.79998779296875,0
2026-05-11 04:00:00+00:00,306.8500061035156,307.75,306.3999938964844,307.1000061035156,7893377
2026-05-11 08:00:00+00:00,307.1000061035156,307.20001220703125,305.25,305.70001220703125,4101159
2026-05-12 00:00:00+00:00,305.6499938964844,306.20001220703125,302.79998779296875,304.1000061035156,0
2026-05-12 04:00:00+00:00,304.1000061035156,304.8999938964844,302.04998779296875,302.1000061035156,7931587
2026-05-12 08:00:00+00:00,302.1000061035156,302.20001220703125,300.25,300.8500061035156,5316008
2026-05-13 00:00:00+00:00,301.75,303.75,301.1000061035156,303.20001220703125,0
2026-05-13 04:00:00+00:00,303.20001220703125,305.79998779296875,303.20001220703125,305.0,7947058
2026-05-13 08:00:00+00:00,305.04998779296875,305.20001220703125,304.0,304.6000061035156,3111622
2026-05-14 00:00:00+00:00,305.3999938964844,307.6000061035156,304.8999938964844,306.3500061035156,0
2026-05-14 04:00:00+00:00,306.3500061035156,309.1499938964844,305.79998779296875,308.29998779296875,7700493
2026-05-14 08:00:00+00:00,308.29998779296875,308.70001220703125,306.6000061035156,307.20001220703125,2132209
2026-05-15 00:00:00+00:00,307.5,309.45001220703125,306.45001220703125,308.79998779296875,0
2026-05-15 04:00:00+00:00,308.8999938964844,311.8999938964844,307.5,310.5,6924522
2026-05-15 08:00:00+00:00,310.5,310.54998779296875,309.04998779296875,309.1499938964844,3119683
2026-05-18 00:00:00+00:00,309.0,312.20001220703125,306.6000061035156,310.79998779296875,0
2026-05-18 04:00:00+00:00,310.79998779296875,312.29998779296875,307.8500061035156,308.95001220703125,7680647
2026-05-18 08:00:00+00:00,308.8999938964844,310.95001220703125,308.3999938964844,310.45001220703125,3545011
2026-05-19 00:00:00+00:00,311.95001220703125,313.70001220703125,310.0,312.8999938964844,0
2026-05-19 04:00:00+00:00,312.79998779296875,314.25,308.3999938964844,311.8999938964844,11357374
2026-05-19 08:00:00+00:00,311.79998779296875,312.0,309.3999938964844,310.0,3233568
2026-05-20 00:00:00+00:00,308.70001220703125,309.6499938964844,307.5,308.75,0
2026-05-20 04:00:00+00:00,308.70001220703125,309.0,306.20001220703125,306.95001220703125,8000031
2026-05-20 08:00:00+00:00,307.0,308.0,306.79998779296875,307.75,2417220
2026-05-21 00:00:00+00:00,309.29998779296875,310.1000061035156,308.45001220703125,309.70001220703125,0
2026-05-21 04:00:00+00:00,309.70001220703125,309.8999938964844,306.6000061035156,307.0,13314795
2026-05-21 08:00:00+00:00,306.8999938964844,311.25,305.8999938964844,307.6499938964844,6894188
2026-05-22 00:00:00+00:00,305.95001220703125,307.0,303.3999938964844,303.79998779296875,0
2026-05-22 04:00:00+00:00,303.95001220703125,304.54998779296875,302.45001220703125,303.70001220703125,15328948
2026-05-22 08:00:00+00:00,303.75,304.0,301.1000061035156,302.0,7958364
2026-05-25 00:00:00+00:00,303.8999938964844,305.45001220703125,303.8999938964844,304.70001220703125,0
2026-05-25 04:00:00+00:00,304.70001220703125,304.95001220703125,302.3500061035156,302.8999938964844,8262343
2026-05-25 08:00:00+00:00,302.8999938964844,304.45001220703125,302.8999938964844,304.20001220703125,4122902
2026-05-26 00:00:00+00:00,304.3999938964844,304.3999938964844,302.20001220703125,303.29998779296875,0
2026-05-26 04:00:00+00:00,303.29998779296875,303.54998779296875,301.1000061035156,301.3500061035156,22141642
2026-05-26 08:00:00+00:00,301.3999938964844,302.0,301.20001220703125,301.8999938964844,10550764
2026-05-27 00:00:00+00:00,295.5,296.3500061035156,292.6000061035156,293.6499938964844,0
2026-05-27 04:00:00+00:00,293.6000061035156,294.1499938964844,291.6499938964844,291.95001220703125,10759124
2026-05-27 08:00:00+00:00,291.95001220703125,292.29998779296875,291.04998779296875,292.25,6492306
2026-05-29 00:00:00+00:00,292.0,292.3999938964844,288.8999938964844,289.29998779296875,0
2026-05-29 04:00:00+00:00,289.29998779296875,289.6499938964844,288.25,288.3500061035156,12498984
2026-05-29 08:00:00+00:00,288.3500061035156,288.95001220703125,285.95001220703125,287.79998779296875,12893199
2026-06-01 00:00:00+00:00,287.75,288.45001220703125,285.0,285.04998779296875,0
2026-06-01 04:00:00+00:00,285.1000061035156,285.3500061035156,280.6499938964844,280.70001220703125,11395121
2026-06-01 08:00:00+00:00,280.6499938964844,280.8999938964844,278.3999938964844,279.29998779296875,7749133
2026-06-02 00:00:00+00:00,279.1000061035156,279.79998779296875,277.1000061035156,279.70001220703125,0
2026-06-02 04:00:00+00:00,279.79998779296875,282.1000061035156,279.20001220703125,282.1000061035156,10499488
2026-06-02 08:00:00+00:00,282.1000061035156,283.6000061035156,282.0,283.3999938964844,4980003
2026-06-03 00:00:00+00:00,282.29998779296875,282.29998779296875,275.54998779296875,276.6000061035156,0
2026-06-03 04:00:00+00:00,276.6000061035156,278.6000061035156,275.25,277.70001220703125,14367786
2026-06-03 08:00:00+00:00,277.6499938964844,278.3999938964844,276.5,276.75,4603282
2026-06-04 00:00:00+00:00,276.3999938964844,278.79998779296875,275.1000061035156,278.79998779296875,0
2026-06-04 04:00:00+00:00,278.79998779296875,280.3999938964844,278.25,279.79998779296875,12563218
2026-06-04 08:00:00+00:00,279.75,280.54998779296875,279.6000061035156,280.20001220703125,4757075
2026-06-05 00:00:00+00:00,280.0,281.0,279.54998779296875,280.1499938964844,0
2026-06-05 04:00:00+00:00,280.20001220703125,281.3500061035156,277.95001220703125,280.04998779296875,9941674
2026-06-05 08:00:00+00:00,280.04998779296875,281.1000061035156,280.0,280.95001220703125,3736814
2026-06-08 00:00:00+00:00,278.8500061035156,281.1000061035156,277.0,280.8999938964844,0
2026-06-08 04:00:00+00:00,280.8999938964844,283.45001220703125,280.45001220703125,280.95001220703125,7483519
2026-06-08 08:00:00+00:00,280.8999938964844,281.04998779296875,279.1499938964844,280.0,4841147
2026-06-09 00:00:00+00:00,281.45001220703125,281.45001220703125,278.3999938964844,278.6499938964844,0
2026-06-09 04:00:00+00:00,278.6499938964844,280.3500061035156,277.29998779296875,278.79998779296875,6488075
2026-06-09 08:00:00+00:00,278.8500061035156,280.6000061035156,278.70001220703125,279.95001220703125,3698928
2026-06-10 00:00:00+00:00,280.0,283.6000061035156,278.8999938964844,283.29998779296875,0
2026-06-10 04:00:00+00:00,283.20001220703125,285.8500061035156,283.0,284.3999938964844,10719392
2026-06-10 08:00:00+00:00,284.3999938964844,284.54998779296875,283.1000061035156,283.29998779296875,5508386
2026-06-11 00:00:00+00:00,282.0,283.0,281.3999938964844,282.5,0
2026-06-11 04:00:00+00:00,282.3999938964844,282.79998779296875,281.3500061035156,282.1000061035156,5356706
2026-06-11 08:00:00+00:00,282.1000061035156,283.25,281.8999938964844,282.6499938964844,4048299
2026-06-12 00:00:00+00:00,283.8500061035156,284.0,283.04998779296875,283.3999938964844,0
2026-06-12 04:00:00+00:00,283.3999938964844,285.1499938964844,283.3500061035156,284.3999938964844,5714343
2026-06-12 08:00:00+00:00,284.3500061035156,285.5,284.29998779296875,285.45001220703125,4494878
2026-06-15 00:00:00+00:00,287.5,288.45001220703125,286.8500061035156,287.20001220703125,0
2026-06-15 04:00:00+00:00,287.29998779296875,288.79998779296875,287.04998779296875,288.20001220703125,5341247
2026-06-15 08:00:00+00:00,288.20001220703125,288.54998779296875,287.6000061035156,288.20001220703125,2816112
2026-06-16 00:00:00+00:00,288.45001220703125,288.8999938964844,287.70001220703125,288.8500061035156,0
2026-06-16 04:00:00+00:00,288.79998779296875,291.3500061035156,288.75,291.1499938964844,6438863
2026-06-16 08:00:00+00:00,291.20001220703125,292.04998779296875,291.1000061035156,291.95001220703125,6244862
2026-06-17 00:00:00+00:00,291.8999938964844,292.25,290.45001220703125,291.3500061035156,0
2026-06-17 04:00:00+00:00,291.3500061035156,292.20001220703125,290.0,290.20001220703125,4808064
2026-06-17 08:00:00+00:00,290.20001220703125,291.0,290.1000061035156,290.8500061035156,1863467
2026-06-18 00:00:00+00:00,291.3999938964844,291.8500061035156,290.3999938964844,290.79998779296875,0
2026-06-18 04:00:00+00:00,290.8500061035156,291.1499938964844,288.1000061035156,290.0,4887671
2026-06-18 08:00:00+00:00,290.04998779296875,291.45001220703125,289.5,290.8500061035156,4173678
2026-06-19 00:00:00+00:00,289.79998779296875,290.54998779296875,288.5,290.3999938964844,0
2026-06-19 04:00:00+00:00,290.45001220703125,290.45001220703125,289.1499938964844,289.75,4678837
2026-06-19 08:00:00+00:00,289.8999938964844,294.3500061035156,289.25,293.75,6977930
2026-06-22 00:00:00+00:00,293.20001220703125,293.95001220703125,292.1000061035156,292.3999938964844,0
2026-06-22 04:00:00+00:00,292.29998779296875,292.3999938964844,290.04998779296875,291.1000061035156,5090107
2026-06-22 08:00:00+00:00,290.8999938964844,292.0,290.3500061035156,290.70001220703125,3079339
2026-06-23 00:00:00+00:00,291.1499938964844,293.1499938964844,289.8999938964844,292.70001220703125,0
2026-06-23 04:00:00+00:00,292.75,292.8500061035156,289.75,290.29998779296875,4183213
2026-06-23 08:00:00+00:00,290.25,290.95001220703125,289.70001220703125,290.0,2827162
2026-06-24 00:00:00+00:00,289.8500061035156,291.20001220703125,289.6000061035156,290.79998779296875,0
2026-06-24 04:00:00+00:00,290.79998779296875,291.3500061035156,289.6000061035156,290.3500061035156,2766366
2026-06-24 08:00:00+00:00,290.25,290.79998779296875,290.0,290.20001220703125,1512036
2026-06-25 00:00:00+00:00,291.0,291.6000061035156,289.20001220703125,291.04998779296875,0
2026-06-25 04:00:00+00:00,291.1000061035156,292.25,290.1000061035156,291.29998779296875,5122069
2026-06-25 08:00:00+00:00,291.3500061035156,291.3500061035156,289.6000061035156,290.0,4501962
2026-06-29 00:00:00+00:00,290.45001220703125,291.8999938964844,289.45001220703125,290.8999938964844,0
2026-06-29 04:00:00+00:00,290.8999938964844,291.8999938964844,289.6499938964844,290.1000061035156,3572859
2026-06-29 08:00:00+00:00,290.1000061035156,291.29998779296875,289.75,291.1499938964844,4426583
2026-06-30 00:00:00+00:00,291.5,291.5,288.70001220703125,289.0,0
2026-06-30 04:00:00+00:00,289.0,289.6000061035156,286.0,286.1000061035156,10159738
2026-06-30 08:00:00+00:00,286.04998779296875,287.54998779296875,285.54998779296875,286.95001220703125,6086739
2026-07-01 00:00:00+00:00,287.79998779296875,289.8500061035156,287.1000061035156,289.70001220703125,0
2026-07-01 04:00:00+00:00,289.75,291.0,288.6000061035156,290.6000061035156,3264406
2026-07-01 08:00:00+00:00,290.6000061035156,290.8500061035156,290.0,290.04998779296875,1691957
2026-07-02 00:00:00+00:00,290.8500061035156,291.0,288.8999938964844,289.04998779296875,0
2026-07-02 04:00:00+00:00,289.04998779296875,290.70001220703125,287.79998779296875,289.95001220703125,8458369
2026-07-02 08:00:00+00:00,290.0,290.20001220703125,289.5,289.70001220703125,2726280
2026-07-03 00:00:00+00:00,291.25,291.5,290.29998779296875,291.1000061035156,0
2026-07-03 04:00:00+00:00,291.1000061035156,291.3999938964844,289.75,289.8999938964844,3934601
2026-07-03 08:00:00+00:00,289.8999938964844,290.5,289.45001220703125,290.1000061035156,1481318
2026-07-06 00:00:00+00:00,290.0,290.3500061035156,287.70001220703125,288.04998779296875,0
2026-07-06 04:00:00+00:00,288.04998779296875,289.8999938964844,287.8999938964844,288.6000061035156,9536461
2026-07-06 08:00:00+00:00,288.6000061035156,289.8999938964844,288.25,288.25,15581690
2026-07-07 00:00:00+00:00,289.54998779296875,289.54998779296875,286.54998779296875,288.0,0
2026-07-07 04:00:00+00:00,288.1000061035156,290.5,287.04998779296875,289.8500061035156,10114478
2026-07-07 08:00:00+00:00,290.0,290.0,288.1499938964844,288.1499938964844,5334876
2026-07-08 00:00:00+00:00,287.3500061035156,287.79998779296875,281.29998779296875,281.3500061035156,0
2026-07-08 04:00:00+00:00,281.3500061035156,285.0,281.0,282.25,10724742
2026-07-08 08:00:00+00:00,282.25,282.79998779296875,280.1000061035156,280.8500061035156,4943959
2026-07-09 00:00:00+00:00,281.25,282.8500061035156,281.0,282.8500061035156,0
2026-07-09 04:00:00+00:00,282.79998779296875,283.75,282.20001220703125,283.45001220703125,6372236
2026-07-09 08:00:00+00:00,283.5,284.3999938964844,281.1000061035156,281.8500061035156,4029300
2026-07-10 00:00:00+00:00,283.04998779296875,283.6000061035156,282.04998779296875,283.1499938964844,0
2026-07-10 04:00:00+00:00,283.20001220703125,283.20001220703125,280.8500061035156,281.3500061035156,5516684
2026-07-10 08:00:00+00:00,281.5,282.1499938964844,281.25,281.79998779296875,4721791
2026-07-13 00:00:00+00:00,280.8999938964844,281.5,279.5,280.5,0
2026-07-13 04:00:00+00:00,280.3999938964844,281.1000061035156,279.70001220703125,280.04998779296875,8077607
2026-07-13 08:00:00+00:00,280.1499938964844,280.29998779296875,279.54998779296875,279.8999938964844,2529416
2026-07-14 00:00:00+00:00,279.25,280.6000061035156,278.6499938964844,279.3500061035156,0
2026-07-14 04:00:00+00:00,279.29998779296875,279.54998779296875,276.1000061035156,276.3500061035156,6979539
2026-07-14 08:00:00+00:00,276.3500061035156,276.3500061035156,275.04998779296875,275.29998779296875,6739869
2026-07-15 00:00:00+00:00,276.6000061035156,277.70001220703125,275.70001220703125,277.54998779296875,2175077
2026-07-15 04:00:00+00:00,277.54998779296875,277.70001220703125,275.29998779296875,276.70001220703125,3938678
2026-07-15 08:00:00+00:00,276.6000061035156,277.3500061035156,276.25,276.6499938964844,1698162
2026-07-16 00:00:00+00:00,277.0,278.5,276.1000061035156,278.1499938964844,3409027
2026-07-16 04:00:00+00:00,278.1499938964844,280.3999938964844,277.6499938964844,279.8999938964844,6087080
2026-07-16 08:00:00+00:00,279.79998779296875,279.8999938964844,279.04998779296875,279.8999938964844,1717726
2026-07-17 00:00:00+00:00,279.45001220703125,280.70001220703125,277.95001220703125,280.1499938964844,0
2026-07-17 04:00:00+00:00,280.1499938964844,281.75,279.25,281.20001220703125,9699318
2026-07-17 08:00:00+00:00,281.04998779296875,281.95001220703125,280.3500061035156,280.70001220703125,2912502
2026-07-20 00:00:00+00:00,280.6499938964844,281.25,279.8500061035156,280.3500061035156,0
2026-07-20 04:00:00+00:00,280.5,283.70001220703125,280.3500061035156,282.29998779296875,5551771
2026-07-20 08:00:00+00:00,282.29998779296875,283.0,281.8500061035156,282.95001220703125,1740040
2026-07-21 00:00:00+00:00,282.29998779296875,283.8999938964844,282.29998779296875,283.0,0
2026-07-21 04:00:00+00:00,283.1000061035156,283.3500061035156,279.20001220703125,279.25,4573540
2026-07-21 08:00:00+00:00,279.29998779296875,281.45001220703125,278.95001220703125,281.1000061035156,3970506
2026-07-22 00:00:00+00:00,280.6499938964844,281.0,278.70001220703125,278.95001220703125,0
2026-07-22 04:00:00+00:00,278.95001220703125,282.20001220703125,278.5,280.6000061035156,8819250
2026-07-22 08:00:00+00:00,280.54998779296875,281.79998779296875,280.3999938964844,281.79998779296875,2828606
2026-07-23 00:00:00+00:00,279.8999938964844,281.29998779296875,279.79998779296875,280.3999938964844,0
2026-07-23 04:00:00+00:00,280.3999938964844,283.79998779296875,279.8500061035156,281.1499938964844,15464016
2026-07-23 08:00:00+00:00,281.20001220703125,281.95001220703125,280.45001220703125,281.54998779296875,4497299
2026-07-24 00:00:00+00:00,279.70001220703125,281.6000061035156,279.6499938964844,280.70001220703125,0
2026-07-24 04:00:00+00:00,280.70001220703125,284.8500061035156,280.6000061035156,284.1000061035156,17512179
2026-07-24 08:00:00+00:00,284.25,284.5,282.95001220703125,284.0,4845049
2026-07-27 00:00:00+00:00,287.20001220703125,287.70001220703125,286.0,287.29998779296875,0
2026-07-27 04:00:00+00:00,287.20001220703125,287.3999938964844,286.1000061035156,286.70001220703125,8440096
2026-07-27 08:00:00+00:00,286.70001220703125,286.70001220703125,285.54998779296875,285.6000061035156,4069927
2026-07-28 00:00:00+00:00,284.8999938964844,287.8500061035156,284.54998779296875,285.25,0
2026-07-28 04:00:00+00:00,285.25,286.75,282.29998779296875,284.6000061035156,7007583
2026-07-28 08:00:00+00:00,284.45001220703125,285.1000061035156,284.04998779296875,284.8500061035156,3132314
2026-07-29 00:00:00+00:00,285.79998779296875,289.0,284.29998779296875,287.79998779296875,0
2026-07-29 04:00:00+00:00,287.8500061035156,288.04998779296875,286.25,287.04998779296875,11851371
2026-07-29 08:00:00+00:00,287.04998779296875,287.29998779296875,285.79998779296875,286.1000061035156,3265835
2026-07-30 00:00:00+00:00,286.1499938964844,288.29998779296875,285.6499938964844,286.29998779296875,0
2026-07-30 04:00:00+00:00,286.20001220703125,286.8500061035156,283.75,284.20001220703125,12449020
2026-07-30 08:00:00+00:00,284.0,285.79998779296875,283.79998779296875,285.54998779296875,4016947
2026-07-31 00:00:00+00:00,285.54998779296875,285.75,281.1000061035156,282.8500061035156,0
2026-07-31 04:00:00+00:00,282.79998779296875,283.20001220703125,280.04998779296875,280.95001220703125,7118345
2026-07-31 08:00:00+00:00,281.0,281.3500061035156,280.45001220703125,281.0,6797729
2026-08-03 00:00:00+00:00,284.5,292.3999938964844,283.25,291.54998779296875,7164539
2026-08-03 04:00:00+00:00,291.54998779296875,292.5,286.04998779296875,286.45001220703125,16882149
2026-08-03 08:00:00+00:00,286.54998779296875,287.0,285.8999938964844,287.0,4475593
2026-08-04 00:00:00+00:00,286.20001220703125,287.0,284.70001220703125,285.95001220703125,0
2026-08-04 04:00:00+00:00,285.95001220703125,288.75,284.8999938964844,286.54998779296875,7593463
2026-08-04 08:00:00+00:00,286.5,289.0,286.1000061035156,289.0,2698588
2026-08-05 00:00:00+00:00,288.1000061035156,288.1000061035156,285.79998779296875,286.04998779296875,0
2026-08-05 04:00:00+00:00,286.04998779296875,286.3999938964844,285.04998779296875,286.04998779296875,6548994
2026-08-05 08:00:00+00:00,286.04998779296875,287.0,285.95001220703125,286.95001220703125,3214527
2026-08-06 00:00:00+00:00,286.20001220703125,286.20001220703125,284.54998779296875,284.8999938964844,0
2026-08-06 04:00:00+00:00,284.8999938964844,285.6499938964844,283.79998779296875,285.1499938964844,7512202
2026-08-06 08:00:00+00:00,285.1499938964844,285.8999938964844,284.5,285.8999938964844,3140756
2026-08-07 00:00:00+00:00,285.3999938964844,285.6000061035156,284.8500061035156,285.1000061035156,0
2026-08-07 04:00:00+00:00,285.0,285.6499938964844,284.5,284.6000061035156,3371175
2026-08-07 08:00:00+00:00,284.6000061035156,286.1000061035156,284.5,286.1000061035156,1760608
2026-08-10 00:00:00+00:00,285.8999938964844,286.04998779296875,283.8500061035156,284.04998779296875,0
2026-08-10 04:00:00+00:00,284.0,284.3500061035156,282.6499938964844,282.95001220703125,4680555
2026-08-10 08:00:00+00:00,282.95001220703125,283.0,281.79998779296875,282.6499938964844,2785474
2026-08-11 00:00:00+00:00,282.0,282.1499938964844,280.5,280.6000061035156,0
2026-08-11 04:00:00+00:00,280.8500061035156,281.70001220703125,280.0,280.20001220703125,4970974
2026-08-11 08:00:00+00:00,280.20001220703125,280.20001220703125,278.3500061035156,279.0,5835595
2026-08-12 00:00:00+00:00,279.29998779296875,279.54998779296875,277.79998779296875,277.8999938964844,0
2026-08-12 04:00:00+00:00,277.8500061035156,278.6499938964844,276.5,278.0,6304077
2026-08-12 08:00:00+00:00,277.95001220703125,278.04998779296875,275.3999938964844,276.1499938964844,4832705
2026-08-13 00:00:00+00:00,276.6499938964844,277.3500061035156,276.20001220703125,276.5,0
2026-08-13 04:00:00+00:00,276.45001220703125,278.25,276.3500061035156,277.25,6065789
2026-08-13 08:00:00+00:00,277.25,278.5,277.1000061035156,278.5,3181854
2026-08-14 00:00:00+00:00,277.79998779296875,277.8999938964844,276.3999938964844,277.6000061035156,0
2026-08-14 04:00:00+00:00,277.6000061035156,278.1499938964844,276.1499938964844,277.54998779296875,4664360
2026-08-14 08:00:00+00:00,277.6499938964844,278.20001220703125,277.1499938964844,278.20001220703125,1239301
2026-08-17 00:00:00+00:00,277.5,277.5,275.3999938964844,276.1000061035156,0
2026-08-17 04:00:00+00:00,276.1000061035156,276.20001220703125,273.04998779296875,273.1499938964844,7596728
2026-08-17 08:00:00+00:00,273.1000061035156,273.75,273.0,273.04998779296875,3633757
2026-08-18 00:00:00+00:00,273.0,273.54998779296875,272.04998779296875,272.45001220703125,0
2026-08-18 04:00:00+00:00,272.45001220703125,272.5,269.3999938964844,269.5,6775585
2026-08-18 08:00:00+00:00,269.6000061035156,270.8500061035156,269.20001220703125,270.0,4765339
2026-08-19 00:00:00+00:00,270.1499938964844,270.95001220703125,269.6000061035156,269.70001220703125,0
2026-08-19 04:00:00+00:00,269.79998779296875,269.79998779296875,266.5,266.70001220703125,5783800
2026-08-19 08:00:00+00:00,266.6499938964844,267.04998779296875,265.8500061035156,267.04998779296875,6337936
2026-08-20 00:00:00+00:00,268.1000061035156,268.5,267.04998779296875,267.8999938964844,0
2026-08-20 04:00:00+00:00,267.8999938964844,270.45001220703125,265.0,269.3999938964844,18434865
2026-08-20 08:00:00+00:00,269.3999938964844,271.6499938964844,269.20001220703125,271.6499938964844,7398831
2026-08-21 00:00:00+00:00,271.1499938964844,271.29998779296875,269.8999938964844,270.04998779296875,0
2026-08-21 04:00:00+00:00,270.04998779296875,270.3500061035156,269.20001220703125,269.3500061035156,4128590
2026-08-21 08:00:00+00:00,269.3500061035156,269.6000061035156,269.1000061035156,269.3999938964844,1994890
2026-08-24 00:00:00+00:00,270.3999938964844,270.45001220703125,268.8999938964844,269.6499938964844,0
2026-08-24 04:00:00+00:00,269.54998779296875,269.79998779296875,267.0,268.5,4358275
2026-08-24 08:00:00+00:00,268.5,269.70001220703125,267.79998779296875,269.70001220703125,2378500
2026-08-25 00:00:00+00:00,269.25,269.25,267.75,268.1499938964844,1935155
2026-08-25 04:00:00+00:00,268.1499938964844,270.3999938964844,268.0,269.45001220703125,3712816
2026-08-25 08:00:00+00:00,269.29998779296875,271.3999938964844,268.95001220703125,271.3999938964844,2766748
2026-08-26 00:00:00+00:00,271.79998779296875,273.95001220703125,271.0,272.45001220703125,0
2026-08-26 04:00:00+00:00,272.5,272.5,270.95001220703125,271.3999938964844,4910311
2026-08-26 08:00:00+00:00,271.3999938964844,271.45001220703125,270.25,270.25,2340474
2026-08-27 00:00:00+00:00,270.20001220703125,271.1000061035156,269.54998779296875,269.8999938964844,0
2026-08-27 04:00:00+00:00,269.8999938964844,269.8999938964844,268.29998779296875,268.6000061035156,4966438
2026-08-27 08:00:00+00:00,268.6000061035156,269.04998779296875,268.04998779296875,269.0,2126660
2026-08-28 00:00:00+00:00,267.95001220703125,268.3999938964844,267.5,268.1000061035156,0
2026-08-28 04:00:00+00:00,268.1000061035156,268.5,264.8500061035156,265.3500061035156,9229853
2026-08-28 08:00:00+00:00,265.45001220703125,266.0,264.8500061035156,266.0,4694597
2026-08-31 00:00:00+00:00,266.20001220703125,266.20001220703125,264.45001220703125,264.70001220703125,0
2026-08-31 04:00:00+00:00,265.0,265.3999938964844,264.1000061035156,264.79998779296875,5422633
2026-08-31 08:00:00+00:00,264.8999938964844,265.1499938964844,255.5,264.3999938964844,11415927
2026-09-01 00:00:00+00:00,261.5,267.25,261.5,262.3500061035156,0
2026-09-01 04:00:00+00:00,262.29998779296875,268.1000061035156,262.20001220703125,267.20001220703125,17224689
2026-09-01 08:00:00+00:00,267.25,267.25,265.79998779296875,266.6000061035156,5766960
2026-09-02 00:00:00+00:00,265.1000061035156,265.70001220703125,263.0,264.6000061035156,0
2026-09-02 04:00:00+00:00,264.6000061035156,269.0,264.6000061035156,267.79998779296875,8996636
2026-09-02 08:00:00+00:00,267.70001220703125,267.8500061035156,266.29998779296875,266.29998779296875,2571198
2026-09-03 00:00:00+00:00,266.5,267.25,265.1499938964844,265.54998779296875,0
2026-09-03 04:00:00+00:00,265.54998779296875,266.0,263.54998779296875,264.3500061035156,4251384
2026-09-03 08:00:00+00:00,264.45001220703125,264.8999938964844,262.45001220703125,263.0,11827572
2026-09-04 00:00:00+00:00,263.95001220703125,264.5,262.70001220703125,263.8999938964844,0
2026-09-04 04:00:00+00:00,264.0,266.25,263.8999938964844,264.1499938964844,5282053
2026-09-04 08:00:00+00:00,264.20001220703125,265.1499938964844,264.0,264.1000061035156,2729298
2026-09-07 00:00:00+00:00,264.20001220703125,264.8999938964844,263.1000061035156,263.79998779296875,0
2026-09-07 04:00:00+00:00,263.79998779296875,264.75,263.04998779296875,263.6499938964844,3805352
2026-09-07 08:00:00+00:00,263.70001220703125,264.04998779296875,263.3500061035156,263.5,1691686
2026-09-08 00:00:00+00:00,264.0,264.29998779296875,262.75,264.29998779296875,0
2026-09-08 04:00:00+00:00,264.25,265.8999938964844,263.8999938964844,265.1499938964844,3287546
2026-09-08 08:00:00+00:00,265.1499938964844,265.29998779296875,263.5,263.5,3052314
2026-09-09 00:00:00+00:00,263.6499938964844,264.5,261.6499938964844,261.8500061035156,0
2026-09-09 04:00:00+00:00,261.8500061035156,262.75,260.6499938964844,262.75,5931894
2026-09-09 08:00:00+00:00,262.6499938964844,263.1000061035156,260.79998779296875,260.79998779296875,2789291
2026-09-10 00:00:00+00:00,261.20001220703125,263.8500061035156,261.04998779296875,261.79998779296875,0
2026-09-10 04:00:00+00:00,261.79998779296875,261.8999938964844,259.5,260.29998779296875,6162439
2026-09-10 08:00:00+00:00,260.29998779296875,260.3500061035156,259.25,259.29998779296875,3179613
2026-09-11 00:00:00+00:00,258.0,260.75,258.0,260.5,0
2026-09-11 04:00:00+00:00,260.6000061035156,261.29998779296875,259.95001220703125,261.25,5983799
2026-09-11 08:00:00+00:00,261.20001220703125,261.6000061035156,259.8500061035156,259.8500061035156,2390311
2026-09-15 00:00:00+00:00,261.25,264.1499938964844,260.8500061035156,262.54998779296875,0
2026-09-15 04:00:00+00:00,262.5,263.0,260.20001220703125,260.20001220703125,5732473
2026-09-15 08:00:00+00:00,260.20001220703125,260.25,258.0,258.0,2970806
2026-09-16 00:00:00+00:00,259.6000061035156,263.54998779296875,259.3999938964844,262.1000061035156,0
2026-09-16 04:00:00+00:00,262.1000061035156,264.20001220703125,261.54998779296875,263.8999938964844,7434158
2026-09-16 08:00:00+00:00,264.0,264.8999938964844,263.54998779296875,264.1499938964844,2835777
2026-09-17 00:00:00+00:00,264.5,267.75,264.5,267.3500061035156,0
2026-09-17 04:00:00+00:00,267.3500061035156,268.5,265.0,265.8999938964844,8012365
2026-09-17 08:00:00+00:00,265.95001220703125,266.5,265.04998779296875,266.20001220703125,2486326
2026-09-18 00:00:00+00:00,265.8999938964844,266.0,264.5,265.5,0
2026-09-18 04:00:00+00:00,265.3500061035156,265.8999938964844,264.1000061035156,264.3500061035156,6616824
2026-09-18 08:00:00+00:00,264.3999938964844,264.95001220703125,262.29998779296875,262.29998779296875,6377734
2026-09-21 00:00:00+00:00,263.6499938964844,266.75,263.6499938964844,266.1000061035156,0
2026-09-21 04:00:00+00:00,266.0,267.5,266.0,267.3999938964844,4374289
2026-09-21 08:00:00+00:00,267.3999938964844,267.79998779296875,267.0,267.0,2234715
2026-09-22 00:00:00+00:00,267.54998779296875,268.25,266.79998779296875,267.5,0
2026-09-22 04:00:00+00:00,267.54998779296875,267.70001220703125,265.1000061035156,265.8999938964844,3689734
2026-09-22 08:00:00+00:00,265.8999938964844,266.3500061035156,264.79998779296875,265.79998779296875,1930200
2026-09-23 00:00:00+00:00,265.75,266.8500061035156,265.25,266.20001220703125,0
2026-09-23 04:00:00+00:00,266.3500061035156,270.20001220703125,266.3500061035156,269.20001220703125,7714508
2026-09-23 08:00:00+00:00,269.20001220703125,271.0,269.04998779296875,270.1499938964844,4277194
2026-09-24 00:00:00+00:00,269.0,270.1000061035156,268.29998779296875,269.1499938964844,1486221
2026-09-24 04:00:00+00:00,269.1000061035156,269.45001220703125,267.3999938964844,267.45001220703125,1176109
